mode: set
github.com/denkhaus/templ-router/cmd/trgen/validate/validation.go:13.71,18.16 3 0
github.com/denkhaus/templ-router/cmd/trgen/validate/validation.go:18.16,20.3 1 0
github.com/denkhaus/templ-router/cmd/trgen/validate/validation.go:22.2,23.16 2 0
github.com/denkhaus/templ-router/cmd/trgen/validate/validation.go:23.16,25.3 1 0
github.com/denkhaus/templ-router/cmd/trgen/validate/validation.go:28.2,29.52 2 0
github.com/denkhaus/templ-router/cmd/trgen/validate/validation.go:29.52,31.3 1 0
github.com/denkhaus/templ-router/cmd/trgen/validate/validation.go:33.2,33.12 1 0
github.com/denkhaus/templ-router/cmd/trgen/validate/validation.go:37.66,45.22 3 0
github.com/denkhaus/templ-router/cmd/trgen/validate/validation.go:46.14,48.29 1 0
github.com/denkhaus/templ-router/cmd/trgen/validate/validation.go:48.29,50.4 1 0
github.com/denkhaus/templ-router/cmd/trgen/validate/validation.go:51.3,51.13 1 0
github.com/denkhaus/templ-router/cmd/trgen/validate/validation.go:52.16,54.31 1 0
github.com/denkhaus/templ-router/cmd/trgen/validate/validation.go:54.31,56.4 1 0
github.com/denkhaus/templ-router/cmd/trgen/validate/validation.go:57.3,57.13 1 0
github.com/denkhaus/templ-router/cmd/trgen/validate/validation.go:58.15,60.30 1 0
github.com/denkhaus/templ-router/cmd/trgen/validate/validation.go:60.30,62.4 1 0
github.com/denkhaus/templ-router/cmd/trgen/validate/validation.go:63.3,63.13 1 0
github.com/denkhaus/templ-router/cmd/trgen/validate/validation.go:67.2,67.71 1 0
github.com/denkhaus/templ-router/cmd/trgen/validate/validation.go:67.71,69.3 1 0
github.com/denkhaus/templ-router/cmd/trgen/validate/validation.go:72.2,72.57 1 0
github.com/denkhaus/templ-router/cmd/trgen/validate/validation.go:72.57,74.3 1 0
github.com/denkhaus/templ-router/cmd/trgen/validate/validation.go:77.2,77.22 1 0
github.com/denkhaus/templ-router/cmd/trgen/validate/validation.go:78.14,80.29 1 0
github.com/denkhaus/templ-router/cmd/trgen/validate/validation.go:80.29,82.4 1 0
github.com/denkhaus/templ-router/cmd/trgen/validate/validation.go:83.16,83.16 0 0
github.com/denkhaus/templ-router/cmd/trgen/validate/validation.go:86.15,88.30 1 0
github.com/denkhaus/templ-router/cmd/trgen/validate/validation.go:88.30,90.4 1 0
github.com/denkhaus/templ-router/cmd/trgen/validate/validation.go:91.10,94.13 1 0
github.com/denkhaus/templ-router/cmd/trgen/validate/validation.go:97.2,97.12 1 0
github.com/denkhaus/templ-router/cmd/trgen/validate/validation.go:101.52,106.53 2 0
github.com/denkhaus/templ-router/cmd/trgen/validate/validation.go:106.53,109.3 1 0
github.com/denkhaus/templ-router/cmd/trgen/validate/validation.go:112.2,113.16 2 0
github.com/denkhaus/templ-router/cmd/trgen/validate/validation.go:113.16,116.3 1 0
github.com/denkhaus/templ-router/cmd/trgen/validate/validation.go:119.2,122.92 2 0
github.com/denkhaus/templ-router/cmd/trgen/validate/validation.go:122.92,126.53 1 0
github.com/denkhaus/templ-router/cmd/trgen/validate/validation.go:126.53,128.4 1 0
github.com/denkhaus/templ-router/cmd/trgen/validate/validation.go:134.2,134.12 1 0
github.com/denkhaus/templ-router/cmd/trgen/validate/validation.go:138.48,139.27 1 1
github.com/denkhaus/templ-router/cmd/trgen/validate/validation.go:139.27,141.3 1 1
github.com/denkhaus/templ-router/cmd/trgen/validate/validation.go:143.2,143.28 1 1
github.com/denkhaus/templ-router/cmd/trgen/validate/validation.go:143.28,145.3 1 1
github.com/denkhaus/templ-router/cmd/trgen/validate/validation.go:147.2,147.29 1 1
github.com/denkhaus/templ-router/cmd/trgen/validate/validation.go:147.29,149.3 1 1
github.com/denkhaus/templ-router/cmd/trgen/validate/validation.go:151.2,151.30 1 1
github.com/denkhaus/templ-router/cmd/trgen/validate/validation.go:151.30,153.3 1 1
github.com/denkhaus/templ-router/cmd/trgen/validate/validation.go:156.2,156.47 1 1
github.com/denkhaus/templ-router/cmd/trgen/validate/validation.go:156.47,158.3 1 1
github.com/denkhaus/templ-router/cmd/trgen/validate/validation.go:160.2,160.97 1 1
github.com/denkhaus/templ-router/cmd/trgen/validate/validation.go:160.97,162.3 1 1
github.com/denkhaus/templ-router/cmd/trgen/validate/validation.go:165.2,165.46 1 1
github.com/denkhaus/templ-router/cmd/trgen/validate/validation.go:165.46,167.3 1 1
github.com/denkhaus/templ-router/cmd/trgen/validate/validation.go:169.2,169.12 1 1
github.com/denkhaus/templ-router/cmd/trgen/validate/validation.go:173.62,174.25 1 1
github.com/denkhaus/templ-router/cmd/trgen/validate/validation.go:174.25,176.3 1 1
github.com/denkhaus/templ-router/cmd/trgen/validate/validation.go:179.2,180.33 2 1
github.com/denkhaus/templ-router/cmd/trgen/validate/validation.go:180.33,181.30 1 1
github.com/denkhaus/templ-router/cmd/trgen/validate/validation.go:181.30,183.4 1 1
github.com/denkhaus/templ-router/cmd/trgen/validate/validation.go:185.3,185.29 1 1
github.com/denkhaus/templ-router/cmd/trgen/validate/validation.go:185.29,187.4 1 0
github.com/denkhaus/templ-router/cmd/trgen/validate/validation.go:189.3,189.37 1 1
github.com/denkhaus/templ-router/cmd/trgen/validate/validation.go:189.37,191.4 1 1
github.com/denkhaus/templ-router/cmd/trgen/validate/validation.go:192.3,192.40 1 1
github.com/denkhaus/templ-router/cmd/trgen/validate/validation.go:196.2,197.33 2 1
github.com/denkhaus/templ-router/cmd/trgen/validate/validation.go:197.33,198.39 1 1
github.com/denkhaus/templ-router/cmd/trgen/validate/validation.go:198.39,200.4 1 1
github.com/denkhaus/templ-router/cmd/trgen/validate/validation.go:201.3,201.42 1 1
github.com/denkhaus/templ-router/cmd/trgen/validate/validation.go:205.2,205.33 1 1
github.com/denkhaus/templ-router/cmd/trgen/validate/validation.go:205.33,206.47 1 1
github.com/denkhaus/templ-router/cmd/trgen/validate/validation.go:206.47,208.4 1 1
github.com/denkhaus/templ-router/cmd/trgen/validate/validation.go:211.2,211.12 1 1
github.com/denkhaus/templ-router/cmd/trgen/version/version.go:25.31,35.48 2 1
github.com/denkhaus/templ-router/cmd/trgen/version/version.go:35.48,37.27 1 1
github.com/denkhaus/templ-router/cmd/trgen/version/version.go:37.27,39.4 1 0
github.com/denkhaus/templ-router/cmd/trgen/version/version.go:42.3,42.34 1 1
github.com/denkhaus/templ-router/cmd/trgen/version/version.go:42.34,43.47 1 1
github.com/denkhaus/templ-router/cmd/trgen/version/version.go:43.47,44.24 1 1
github.com/denkhaus/templ-router/cmd/trgen/version/version.go:45.25,46.33 1 0
github.com/denkhaus/templ-router/cmd/trgen/version/version.go:46.33,48.7 1 0
github.com/denkhaus/templ-router/cmd/trgen/version/version.go:48.12,50.7 1 0
github.com/denkhaus/templ-router/cmd/trgen/version/version.go:51.21,52.37 1 0
github.com/denkhaus/templ-router/cmd/trgen/version/version.go:52.37,54.7 1 0
github.com/denkhaus/templ-router/cmd/trgen/version/version.go:60.2,60.13 1 1
github.com/denkhaus/templ-router/cmd/trgen/version/version.go:64.36,67.2 1 1
github.com/denkhaus/templ-router/cmd/trgen/version/version.go:70.35,72.2 1 0
github.com/denkhaus/templ-router/cmd/trgen/version/version.go:75.26,77.2 1 1
github.com/denkhaus/templ-router/cmd/trgen/version/version.go:80.31,82.2 1 0
github.com/denkhaus/templ-router/cmd/trgen/version/version.go:85.28,86.48 1 1
github.com/denkhaus/templ-router/cmd/trgen/version/version.go:86.48,88.3 1 1
github.com/denkhaus/templ-router/cmd/trgen/version/version.go:89.2,89.18 1 0
github.com/denkhaus/templ-router/cmd/trgen/version/version.go:92.23,93.48 1 1
github.com/denkhaus/templ-router/cmd/trgen/version/version.go:93.48,94.46 1 1
github.com/denkhaus/templ-router/cmd/trgen/version/version.go:94.46,95.29 1 1
github.com/denkhaus/templ-router/cmd/trgen/version/version.go:95.29,97.5 1 1
github.com/denkhaus/templ-router/cmd/trgen/version/version.go:100.2,100.18 1 0
github.com/denkhaus/templ-router/cmd/trgen/version/version.go:103.25,104.48 1 1
github.com/denkhaus/templ-router/cmd/trgen/version/version.go:104.48,105.46 1 1
github.com/denkhaus/templ-router/cmd/trgen/version/version.go:105.46,106.31 1 1
github.com/denkhaus/templ-router/cmd/trgen/version/version.go:106.31,108.5 1 1
github.com/denkhaus/templ-router/cmd/trgen/version/version.go:111.2,111.18 1 0
github.com/denkhaus/templ-router/cmd/trgen/generate/generator.go:20.82,22.69 1 1
github.com/denkhaus/templ-router/cmd/trgen/generate/generator.go:22.69,24.3 1 1
github.com/denkhaus/templ-router/cmd/trgen/generate/generator.go:26.2,26.12 1 1
github.com/denkhaus/templ-router/cmd/trgen/generate/generator.go:30.101,33.33 2 1
github.com/denkhaus/templ-router/cmd/trgen/generate/generator.go:33.33,35.3 1 1
github.com/denkhaus/templ-router/cmd/trgen/generate/generator.go:38.2,41.55 3 1
github.com/denkhaus/templ-router/cmd/trgen/generate/generator.go:41.55,46.51 3 1
github.com/denkhaus/templ-router/cmd/trgen/generate/generator.go:46.51,49.4 2 0
github.com/denkhaus/templ-router/cmd/trgen/generate/generator.go:49.9,51.4 1 1
github.com/denkhaus/templ-router/cmd/trgen/generate/generator.go:53.3,59.33 2 1
github.com/denkhaus/templ-router/cmd/trgen/generate/generator.go:59.33,61.4 1 1
github.com/denkhaus/templ-router/cmd/trgen/generate/generator.go:65.2,65.48 1 1
github.com/denkhaus/templ-router/cmd/trgen/generate/generator.go:65.48,67.3 1 1
github.com/denkhaus/templ-router/cmd/trgen/generate/generator.go:70.2,71.33 2 1
github.com/denkhaus/templ-router/cmd/trgen/generate/generator.go:71.33,73.38 1 1
github.com/denkhaus/templ-router/cmd/trgen/generate/generator.go:73.38,74.36 1 1
github.com/denkhaus/templ-router/cmd/trgen/generate/generator.go:74.36,75.50 1 1
github.com/denkhaus/templ-router/cmd/trgen/generate/generator.go:75.50,80.11 2 1
github.com/denkhaus/templ-router/cmd/trgen/generate/generator.go:86.2,86.44 1 1
github.com/denkhaus/templ-router/cmd/trgen/generate/generator.go:90.91,92.60 1 1
github.com/denkhaus/templ-router/cmd/trgen/generate/generator.go:92.60,94.3 1 1
github.com/denkhaus/templ-router/cmd/trgen/generate/generator.go:97.2,98.47 2 1
github.com/denkhaus/templ-router/cmd/trgen/generate/generator.go:98.47,99.47 1 1
github.com/denkhaus/templ-router/cmd/trgen/generate/generator.go:99.47,101.4 1 0
github.com/denkhaus/templ-router/cmd/trgen/generate/generator.go:105.2,127.16 5 1
github.com/denkhaus/templ-router/cmd/trgen/generate/generator.go:127.16,129.3 1 0
github.com/denkhaus/templ-router/cmd/trgen/generate/generator.go:132.2,133.16 2 1
github.com/denkhaus/templ-router/cmd/trgen/generate/generator.go:133.16,135.3 1 0
github.com/denkhaus/templ-router/cmd/trgen/generate/generator.go:136.2,136.15 1 1
github.com/denkhaus/templ-router/cmd/trgen/generate/generator.go:136.15,137.54 1 1
github.com/denkhaus/templ-router/cmd/trgen/generate/generator.go:137.54,139.4 1 0
github.com/denkhaus/templ-router/cmd/trgen/generate/generator.go:143.2,143.49 1 1
github.com/denkhaus/templ-router/cmd/trgen/generate/generator.go:143.49,145.3 1 0
github.com/denkhaus/templ-router/cmd/trgen/generate/generator.go:147.2,147.12 1 1
github.com/denkhaus/templ-router/cmd/trgen/utils/utils.go:18.37,20.24 2 1
github.com/denkhaus/templ-router/cmd/trgen/utils/utils.go:20.24,21.36 1 1
github.com/denkhaus/templ-router/cmd/trgen/utils/utils.go:21.36,23.4 1 0
github.com/denkhaus/templ-router/cmd/trgen/utils/utils.go:24.3,24.27 1 1
github.com/denkhaus/templ-router/cmd/trgen/utils/utils.go:24.27,26.4 1 1
github.com/denkhaus/templ-router/cmd/trgen/utils/utils.go:26.9,28.4 1 1
github.com/denkhaus/templ-router/cmd/trgen/utils/utils.go:30.2,30.24 1 1
github.com/denkhaus/templ-router/cmd/trgen/utils/utils.go:35.46,42.25 4 1
github.com/denkhaus/templ-router/cmd/trgen/utils/utils.go:42.25,43.93 1 1
github.com/denkhaus/templ-router/cmd/trgen/utils/utils.go:43.93,45.4 1 1
github.com/denkhaus/templ-router/cmd/trgen/utils/utils.go:48.2,51.70 2 1
github.com/denkhaus/templ-router/cmd/trgen/utils/utils.go:51.70,53.3 1 1
github.com/denkhaus/templ-router/cmd/trgen/utils/utils.go:56.2,56.21 1 1
github.com/denkhaus/templ-router/cmd/trgen/utils/utils.go:56.21,58.3 1 1
github.com/denkhaus/templ-router/cmd/trgen/utils/utils.go:60.2,60.18 1 1
github.com/denkhaus/templ-router/cmd/trgen/utils/utils.go:66.84,72.16 4 1
github.com/denkhaus/templ-router/cmd/trgen/utils/utils.go:72.16,77.43 4 0
github.com/denkhaus/templ-router/cmd/trgen/utils/utils.go:77.43,78.30 1 0
github.com/denkhaus/templ-router/cmd/trgen/utils/utils.go:78.30,80.10 2 0
github.com/denkhaus/templ-router/cmd/trgen/utils/utils.go:84.3,84.26 1 0
github.com/denkhaus/templ-router/cmd/trgen/utils/utils.go:84.27,86.4 0 0
github.com/denkhaus/templ-router/cmd/trgen/utils/utils.go:86.9,86.46 1 0
github.com/denkhaus/templ-router/cmd/trgen/utils/utils.go:86.46,88.4 1 0
github.com/denkhaus/templ-router/cmd/trgen/utils/utils.go:88.9,91.4 2 0
github.com/denkhaus/templ-router/cmd/trgen/utils/utils.go:92.8,94.17 2 1
github.com/denkhaus/templ-router/cmd/trgen/utils/utils.go:94.17,99.44 4 0
github.com/denkhaus/templ-router/cmd/trgen/utils/utils.go:99.44,100.31 1 0
github.com/denkhaus/templ-router/cmd/trgen/utils/utils.go:100.31,102.11 2 0
github.com/denkhaus/templ-router/cmd/trgen/utils/utils.go:106.4,106.27 1 0
github.com/denkhaus/templ-router/cmd/trgen/utils/utils.go:106.28,108.5 0 0
github.com/denkhaus/templ-router/cmd/trgen/utils/utils.go:108.10,108.47 1 0
github.com/denkhaus/templ-router/cmd/trgen/utils/utils.go:108.47,110.5 1 0
github.com/denkhaus/templ-router/cmd/trgen/utils/utils.go:110.10,113.5 2 0
github.com/denkhaus/templ-router/cmd/trgen/utils/utils.go:114.9,117.58 2 1
github.com/denkhaus/templ-router/cmd/trgen/utils/utils.go:117.58,122.45 4 1
github.com/denkhaus/templ-router/cmd/trgen/utils/utils.go:122.45,123.32 1 1
github.com/denkhaus/templ-router/cmd/trgen/utils/utils.go:123.32,125.12 2 1
github.com/denkhaus/templ-router/cmd/trgen/utils/utils.go:129.5,129.28 1 1
github.com/denkhaus/templ-router/cmd/trgen/utils/utils.go:129.29,131.6 0 0
github.com/denkhaus/templ-router/cmd/trgen/utils/utils.go:131.11,131.48 1 1
github.com/denkhaus/templ-router/cmd/trgen/utils/utils.go:131.48,133.6 1 1
github.com/denkhaus/templ-router/cmd/trgen/utils/utils.go:133.11,136.6 2 1
github.com/denkhaus/templ-router/cmd/trgen/utils/utils.go:137.10,140.19 2 0
github.com/denkhaus/templ-router/cmd/trgen/utils/utils.go:140.19,142.6 1 0
github.com/denkhaus/templ-router/cmd/trgen/utils/utils.go:147.2,147.47 1 1
github.com/denkhaus/templ-router/cmd/trgen/utils/utils.go:147.47,149.29 1 1
github.com/denkhaus/templ-router/cmd/trgen/utils/utils.go:149.29,151.4 1 1
github.com/denkhaus/templ-router/cmd/trgen/utils/utils.go:151.9,151.38 1 1
github.com/denkhaus/templ-router/cmd/trgen/utils/utils.go:151.38,153.4 1 1
github.com/denkhaus/templ-router/cmd/trgen/utils/utils.go:153.9,153.37 1 1
github.com/denkhaus/templ-router/cmd/trgen/utils/utils.go:153.37,155.4 1 0
github.com/denkhaus/templ-router/cmd/trgen/utils/utils.go:155.9,158.4 1 1
github.com/denkhaus/templ-router/cmd/trgen/utils/utils.go:163.2,165.29 3 1
github.com/denkhaus/templ-router/cmd/trgen/utils/utils.go:165.29,166.36 1 1
github.com/denkhaus/templ-router/cmd/trgen/utils/utils.go:166.36,167.12 1 0
github.com/denkhaus/templ-router/cmd/trgen/utils/utils.go:169.3,169.35 1 1
github.com/denkhaus/templ-router/cmd/trgen/utils/utils.go:169.35,172.4 2 1
github.com/denkhaus/templ-router/cmd/trgen/utils/utils.go:172.9,175.4 1 1
github.com/denkhaus/templ-router/cmd/trgen/utils/utils.go:178.2,179.26 2 1
github.com/denkhaus/templ-router/cmd/trgen/utils/utils.go:179.26,181.3 1 0
github.com/denkhaus/templ-router/cmd/trgen/utils/utils.go:181.8,183.3 1 1
github.com/denkhaus/templ-router/cmd/trgen/utils/utils.go:186.2,186.28 1 1
github.com/denkhaus/templ-router/cmd/trgen/utils/utils.go:186.28,188.3 1 1
github.com/denkhaus/templ-router/cmd/trgen/utils/utils.go:188.8,188.37 1 1
github.com/denkhaus/templ-router/cmd/trgen/utils/utils.go:188.37,190.3 1 0
github.com/denkhaus/templ-router/cmd/trgen/utils/utils.go:190.8,190.36 1 1
github.com/denkhaus/templ-router/cmd/trgen/utils/utils.go:190.36,192.3 1 1
github.com/denkhaus/templ-router/cmd/trgen/utils/utils.go:192.8,195.3 1 0
github.com/denkhaus/templ-router/cmd/trgen/utils/utils.go:199.93,205.16 4 1
github.com/denkhaus/templ-router/cmd/trgen/utils/utils.go:205.16,207.3 1 1
github.com/denkhaus/templ-router/cmd/trgen/utils/utils.go:209.2,218.21 6 1
github.com/denkhaus/templ-router/cmd/trgen/utils/utils.go:218.21,221.3 1 1
github.com/denkhaus/templ-router/cmd/trgen/utils/utils.go:224.2,225.25 2 1
github.com/denkhaus/templ-router/cmd/trgen/utils/utils.go:225.25,228.3 1 1
github.com/denkhaus/templ-router/cmd/trgen/utils/utils.go:231.2,231.44 1 1
github.com/denkhaus/templ-router/cmd/trgen/utils/utils.go:231.44,236.22 3 0
github.com/denkhaus/templ-router/cmd/trgen/utils/utils.go:236.22,239.4 1 0
github.com/denkhaus/templ-router/cmd/trgen/utils/utils.go:240.3,240.57 1 0
github.com/denkhaus/templ-router/cmd/trgen/utils/utils.go:241.8,244.3 1 1
github.com/denkhaus/templ-router/cmd/trgen/utils/utils.go:246.2,246.25 1 1
github.com/denkhaus/templ-router/cmd/trgen/utils/utils.go:246.25,249.3 1 0
github.com/denkhaus/templ-router/cmd/trgen/utils/utils.go:252.2,256.23 3 1
github.com/denkhaus/templ-router/cmd/trgen/utils/utils.go:256.23,259.3 2 1
github.com/denkhaus/templ-router/cmd/trgen/utils/utils.go:262.2,264.32 2 1
github.com/denkhaus/templ-router/cmd/trgen/utils/utils.go:268.88,271.2 1 0
github.com/denkhaus/templ-router/cmd/trgen/utils/utils.go:274.60,278.36 2 0
github.com/denkhaus/templ-router/cmd/trgen/utils/utils.go:278.36,280.21 2 0
github.com/denkhaus/templ-router/cmd/trgen/utils/utils.go:280.21,282.4 1 0
github.com/denkhaus/templ-router/cmd/trgen/utils/utils.go:282.9,284.4 1 0
github.com/denkhaus/templ-router/cmd/trgen/utils/utils.go:285.8,285.43 1 0
github.com/denkhaus/templ-router/cmd/trgen/utils/utils.go:285.43,287.3 1 0
github.com/denkhaus/templ-router/cmd/trgen/utils/utils.go:289.2,289.29 1 0
github.com/denkhaus/templ-router/cmd/trgen/utils/utils.go:289.29,292.3 1 0
github.com/denkhaus/templ-router/cmd/trgen/utils/utils.go:295.2,297.29 3 0
github.com/denkhaus/templ-router/cmd/trgen/utils/utils.go:297.29,298.36 1 0
github.com/denkhaus/templ-router/cmd/trgen/utils/utils.go:298.36,300.4 1 0
github.com/denkhaus/templ-router/cmd/trgen/utils/utils.go:303.2,303.26 1 0
github.com/denkhaus/templ-router/cmd/trgen/utils/utils.go:303.26,306.3 1 0
github.com/denkhaus/templ-router/cmd/trgen/utils/utils.go:309.2,310.41 2 0
github.com/denkhaus/templ-router/cmd/trgen/utils/utils.go:314.85,317.28 2 1
github.com/denkhaus/templ-router/cmd/trgen/utils/utils.go:317.28,319.3 1 1
github.com/denkhaus/templ-router/cmd/trgen/utils/utils.go:322.2,323.20 2 1
github.com/denkhaus/templ-router/cmd/trgen/utils/utils.go:323.20,327.3 2 1
github.com/denkhaus/templ-router/cmd/trgen/utils/utils.go:329.2,329.41 1 0
github.com/denkhaus/templ-router/pkg/shared/errors.go:74.35,75.21 1 0
github.com/denkhaus/templ-router/pkg/shared/errors.go:75.21,77.3 1 0
github.com/denkhaus/templ-router/pkg/shared/errors.go:78.2,78.49 1 0
github.com/denkhaus/templ-router/pkg/shared/errors.go:82.35,84.2 1 0
github.com/denkhaus/templ-router/pkg/shared/errors.go:87.71,94.2 1 0
github.com/denkhaus/templ-router/pkg/shared/errors.go:97.58,100.2 2 0
github.com/denkhaus/templ-router/pkg/shared/errors.go:103.53,106.2 2 0
github.com/denkhaus/templ-router/pkg/shared/errors.go:109.73,110.22 1 0
github.com/denkhaus/templ-router/pkg/shared/errors.go:110.22,112.3 1 0
github.com/denkhaus/templ-router/pkg/shared/errors.go:113.2,114.10 2 0
github.com/denkhaus/templ-router/pkg/shared/errors.go:120.70,122.22 2 0
github.com/denkhaus/templ-router/pkg/shared/errors.go:122.22,124.3 1 0
github.com/denkhaus/templ-router/pkg/shared/errors.go:125.2,125.12 1 0
github.com/denkhaus/templ-router/pkg/shared/errors.go:129.73,131.22 2 0
github.com/denkhaus/templ-router/pkg/shared/errors.go:131.22,133.3 1 0
github.com/denkhaus/templ-router/pkg/shared/errors.go:134.2,134.12 1 0
github.com/denkhaus/templ-router/pkg/shared/errors.go:138.67,140.22 2 0
github.com/denkhaus/templ-router/pkg/shared/errors.go:140.22,142.3 1 0
github.com/denkhaus/templ-router/pkg/shared/errors.go:143.2,143.12 1 0
github.com/denkhaus/templ-router/pkg/shared/errors.go:147.68,149.22 2 0
github.com/denkhaus/templ-router/pkg/shared/errors.go:149.22,151.3 1 0
github.com/denkhaus/templ-router/pkg/shared/errors.go:152.2,152.12 1 0
github.com/denkhaus/templ-router/pkg/shared/errors.go:156.65,158.22 2 0
github.com/denkhaus/templ-router/pkg/shared/errors.go:158.22,160.3 1 0
github.com/denkhaus/templ-router/pkg/shared/errors.go:161.2,161.12 1 0
github.com/denkhaus/templ-router/pkg/shared/errors.go:165.79,167.22 2 0
github.com/denkhaus/templ-router/pkg/shared/errors.go:167.22,169.3 1 0
github.com/denkhaus/templ-router/pkg/shared/errors.go:170.2,170.12 1 0
github.com/denkhaus/templ-router/pkg/shared/errors.go:174.80,176.2 1 0
github.com/denkhaus/templ-router/pkg/shared/errors.go:179.55,181.29 2 0
github.com/denkhaus/templ-router/pkg/shared/errors.go:181.29,183.3 1 0
github.com/denkhaus/templ-router/pkg/shared/errors.go:184.2,184.14 1 0
github.com/denkhaus/templ-router/pkg/shared/errors.go:188.37,190.29 2 0
github.com/denkhaus/templ-router/pkg/shared/errors.go:190.29,192.3 1 0
github.com/denkhaus/templ-router/pkg/shared/errors.go:193.2,193.24 1 0
github.com/denkhaus/templ-router/pkg/shared/shared.go:7.64,10.20 2 0
github.com/denkhaus/templ-router/pkg/shared/shared.go:10.20,15.3 3 0
github.com/denkhaus/templ-router/pkg/shared/shared.go:16.2,16.18 1 0
github.com/denkhaus/templ-router/pkg/shared/template_keys.go:14.54,16.2 1 1
github.com/denkhaus/templ-router/pkg/shared/template_keys.go:20.82,28.2 4 0
github.com/denkhaus/templ-router/pkg/shared/template_keys.go:31.79,34.46 2 0
github.com/denkhaus/templ-router/pkg/shared/template_keys.go:34.46,36.3 1 0
github.com/denkhaus/templ-router/pkg/shared/template_keys.go:39.2,40.43 2 0
github.com/denkhaus/templ-router/pkg/shared/template_keys.go:45.91,58.29 6 0
github.com/denkhaus/templ-router/pkg/shared/template_keys.go:58.29,59.20 1 0
github.com/denkhaus/templ-router/pkg/shared/template_keys.go:59.20,61.12 2 0
github.com/denkhaus/templ-router/pkg/shared/template_keys.go:63.3,63.16 1 0
github.com/denkhaus/templ-router/pkg/shared/template_keys.go:63.16,64.12 1 0
github.com/denkhaus/templ-router/pkg/shared/template_keys.go:68.3,68.35 1 0
github.com/denkhaus/templ-router/pkg/shared/template_keys.go:68.35,72.4 2 0
github.com/denkhaus/templ-router/pkg/shared/template_keys.go:72.9,74.4 1 0
github.com/denkhaus/templ-router/pkg/shared/template_keys.go:77.2,77.26 1 0
github.com/denkhaus/templ-router/pkg/shared/template_keys.go:77.26,79.3 1 0
github.com/denkhaus/templ-router/pkg/shared/template_keys.go:81.2,81.44 1 0
github.com/denkhaus/templ-router/pkg/shared/template_keys.go:88.54,90.2 1 0
github.com/denkhaus/templ-router/pkg/shared/template_keys.go:92.51,94.2 1 0
github.com/denkhaus/templ-router/pkg/shared/template_keys.go:96.63,98.2 1 0
github.com/denkhaus/templ-router/pkg/shared/yaml_parser.go:132.68,133.20 1 1
github.com/denkhaus/templ-router/pkg/shared/yaml_parser.go:133.20,135.3 1 0
github.com/denkhaus/templ-router/pkg/shared/yaml_parser.go:138.2,139.16 2 1
github.com/denkhaus/templ-router/pkg/shared/yaml_parser.go:139.16,141.3 1 0
github.com/denkhaus/templ-router/pkg/shared/yaml_parser.go:144.2,145.57 2 1
github.com/denkhaus/templ-router/pkg/shared/yaml_parser.go:145.57,147.3 1 0
github.com/denkhaus/templ-router/pkg/shared/yaml_parser.go:150.2,151.64 2 1
github.com/denkhaus/templ-router/pkg/shared/yaml_parser.go:151.64,153.3 1 1
github.com/denkhaus/templ-router/pkg/shared/yaml_parser.go:156.2,156.52 1 1
github.com/denkhaus/templ-router/pkg/shared/yaml_parser.go:156.52,158.3 1 0
github.com/denkhaus/templ-router/pkg/shared/yaml_parser.go:161.2,162.58 2 1
github.com/denkhaus/templ-router/pkg/shared/yaml_parser.go:162.58,164.3 1 0
github.com/denkhaus/templ-router/pkg/shared/yaml_parser.go:167.2,170.43 2 1
github.com/denkhaus/templ-router/pkg/shared/yaml_parser.go:170.43,172.3 1 1
github.com/denkhaus/templ-router/pkg/shared/yaml_parser.go:172.8,178.3 1 0
github.com/denkhaus/templ-router/pkg/shared/yaml_parser.go:180.2,180.31 1 1
github.com/denkhaus/templ-router/pkg/shared/yaml_parser.go:184.63,194.29 2 1
github.com/denkhaus/templ-router/pkg/shared/yaml_parser.go:194.29,195.24 1 1
github.com/denkhaus/templ-router/pkg/shared/yaml_parser.go:195.24,197.4 1 0
github.com/denkhaus/templ-router/pkg/shared/yaml_parser.go:200.2,200.12 1 1
github.com/denkhaus/templ-router/pkg/shared/yaml_parser.go:204.59,212.33 3 1
github.com/denkhaus/templ-router/pkg/shared/yaml_parser.go:213.35,215.65 2 0
github.com/denkhaus/templ-router/pkg/shared/yaml_parser.go:215.65,217.4 1 0
github.com/denkhaus/templ-router/pkg/shared/yaml_parser.go:218.30,219.14 1 1
github.com/denkhaus/templ-router/pkg/shared/yaml_parser.go:220.10,221.20 1 0
github.com/denkhaus/templ-router/pkg/shared/yaml_parser.go:225.2,225.51 1 1
github.com/denkhaus/templ-router/pkg/shared/yaml_parser.go:225.51,227.59 1 0
github.com/denkhaus/templ-router/pkg/shared/yaml_parser.go:227.59,228.36 1 0
github.com/denkhaus/templ-router/pkg/shared/yaml_parser.go:228.36,229.43 1 0
github.com/denkhaus/templ-router/pkg/shared/yaml_parser.go:229.43,231.6 1 0
github.com/denkhaus/templ-router/pkg/shared/yaml_parser.go:236.2,236.83 1 1
github.com/denkhaus/templ-router/pkg/shared/yaml_parser.go:236.83,238.75 1 0
github.com/denkhaus/templ-router/pkg/shared/yaml_parser.go:238.75,239.56 1 0
github.com/denkhaus/templ-router/pkg/shared/yaml_parser.go:239.56,240.37 1 0
github.com/denkhaus/templ-router/pkg/shared/yaml_parser.go:240.37,241.76 1 0
github.com/denkhaus/templ-router/pkg/shared/yaml_parser.go:241.76,246.7 1 0
github.com/denkhaus/templ-router/pkg/shared/yaml_parser.go:250.3,250.20 1 0
github.com/denkhaus/templ-router/pkg/shared/yaml_parser.go:254.2,255.27 2 1
github.com/denkhaus/templ-router/pkg/shared/yaml_parser.go:255.27,256.29 1 1
github.com/denkhaus/templ-router/pkg/shared/yaml_parser.go:256.29,258.9 2 1
github.com/denkhaus/templ-router/pkg/shared/yaml_parser.go:262.2,262.19 1 1
github.com/denkhaus/templ-router/pkg/shared/yaml_parser.go:262.19,264.47 1 1
github.com/denkhaus/templ-router/pkg/shared/yaml_parser.go:264.47,265.36 1 1
github.com/denkhaus/templ-router/pkg/shared/yaml_parser.go:265.36,266.75 1 1
github.com/denkhaus/templ-router/pkg/shared/yaml_parser.go:266.75,271.6 1 1
github.com/denkhaus/templ-router/pkg/shared/yaml_parser.go:274.8,277.33 2 1
github.com/denkhaus/templ-router/pkg/shared/yaml_parser.go:277.33,278.57 1 1
github.com/denkhaus/templ-router/pkg/shared/yaml_parser.go:278.57,280.10 2 1
github.com/denkhaus/templ-router/pkg/shared/yaml_parser.go:282.4,282.62 1 1
github.com/denkhaus/templ-router/pkg/shared/yaml_parser.go:282.62,284.10 2 0
github.com/denkhaus/templ-router/pkg/shared/yaml_parser.go:288.3,288.22 1 1
github.com/denkhaus/templ-router/pkg/shared/yaml_parser.go:288.22,290.36 1 1
github.com/denkhaus/templ-router/pkg/shared/yaml_parser.go:290.36,291.43 1 1
github.com/denkhaus/templ-router/pkg/shared/yaml_parser.go:291.43,293.6 1 1
github.com/denkhaus/templ-router/pkg/shared/yaml_parser.go:295.9,300.4 3 1
github.com/denkhaus/templ-router/pkg/shared/yaml_parser.go:303.2,303.19 1 1
github.com/denkhaus/templ-router/pkg/shared/yaml_parser.go:307.42,319.35 2 1
github.com/denkhaus/templ-router/pkg/shared/yaml_parser.go:319.35,320.20 1 1
github.com/denkhaus/templ-router/pkg/shared/yaml_parser.go:320.20,322.4 1 1
github.com/denkhaus/templ-router/pkg/shared/yaml_parser.go:326.2,326.38 1 1
github.com/denkhaus/templ-router/pkg/shared/yaml_parser.go:326.38,328.36 2 1
github.com/denkhaus/templ-router/pkg/shared/yaml_parser.go:328.36,329.25 1 1
github.com/denkhaus/templ-router/pkg/shared/yaml_parser.go:329.25,331.5 1 1
github.com/denkhaus/templ-router/pkg/shared/yaml_parser.go:335.2,335.14 1 1
github.com/denkhaus/templ-router/pkg/shared/yaml_parser.go:340.96,341.31 1 0
github.com/denkhaus/templ-router/pkg/shared/yaml_parser.go:341.31,343.10 2 0
github.com/denkhaus/templ-router/pkg/shared/yaml_parser.go:343.10,344.12 1 0
github.com/denkhaus/templ-router/pkg/shared/yaml_parser.go:347.3,348.19 2 0
github.com/denkhaus/templ-router/pkg/shared/yaml_parser.go:348.19,350.4 1 0
github.com/denkhaus/templ-router/pkg/shared/yaml_parser.go:352.3,352.28 1 0
github.com/denkhaus/templ-router/pkg/shared/yaml_parser.go:353.15,355.26 1 0
github.com/denkhaus/templ-router/pkg/shared/yaml_parser.go:356.36,358.41 1 0
github.com/denkhaus/templ-router/pkg/shared/yaml_parser.go:359.31,362.26 2 0
github.com/denkhaus/templ-router/pkg/shared/yaml_parser.go:362.26,364.5 1 0
github.com/denkhaus/templ-router/pkg/shared/yaml_parser.go:365.4,365.49 1 0
github.com/denkhaus/templ-router/pkg/shared/yaml_parser.go:372.101,373.31 1 1
github.com/denkhaus/templ-router/pkg/shared/yaml_parser.go:373.31,375.19 2 1
github.com/denkhaus/templ-router/pkg/shared/yaml_parser.go:375.19,377.4 1 1
github.com/denkhaus/templ-router/pkg/shared/yaml_parser.go:379.3,379.28 1 1
github.com/denkhaus/templ-router/pkg/shared/yaml_parser.go:380.15,382.26 1 1
github.com/denkhaus/templ-router/pkg/shared/yaml_parser.go:383.31,385.51 1 1
github.com/denkhaus/templ-router/pkg/shared/yaml_parser.go:386.36,389.26 2 0
github.com/denkhaus/templ-router/pkg/shared/yaml_parser.go:389.26,390.37 1 0
github.com/denkhaus/templ-router/pkg/shared/yaml_parser.go:390.37,392.6 1 0
github.com/denkhaus/templ-router/pkg/shared/yaml_parser.go:394.4,394.59 1 0
github.com/denkhaus/templ-router/pkg/shared/yaml_parser.go:400.68,401.27 1 1
github.com/denkhaus/templ-router/pkg/shared/yaml_parser.go:402.35,404.29 2 1
github.com/denkhaus/templ-router/pkg/shared/yaml_parser.go:404.29,405.38 1 1
github.com/denkhaus/templ-router/pkg/shared/yaml_parser.go:405.38,407.5 1 1
github.com/denkhaus/templ-router/pkg/shared/yaml_parser.go:409.3,409.16 1 1
github.com/denkhaus/templ-router/pkg/shared/yaml_parser.go:410.30,412.29 2 1
github.com/denkhaus/templ-router/pkg/shared/yaml_parser.go:412.29,414.4 1 1
github.com/denkhaus/templ-router/pkg/shared/yaml_parser.go:415.3,415.16 1 1
github.com/denkhaus/templ-router/pkg/shared/yaml_parser.go:416.21,418.26 2 0
github.com/denkhaus/templ-router/pkg/shared/yaml_parser.go:418.26,420.4 1 0
github.com/denkhaus/templ-router/pkg/shared/yaml_parser.go:421.3,421.16 1 0
github.com/denkhaus/templ-router/pkg/shared/yaml_parser.go:422.10,423.11 1 1
github.com/denkhaus/templ-router/pkg/shared/yaml_parser.go:431.59,432.20 1 1
github.com/denkhaus/templ-router/pkg/shared/yaml_parser.go:432.20,434.3 1 0
github.com/denkhaus/templ-router/pkg/shared/yaml_parser.go:435.2,435.29 1 1
github.com/denkhaus/templ-router/pkg/shared/yaml_parser.go:440.73,441.20 1 1
github.com/denkhaus/templ-router/pkg/shared/yaml_parser.go:441.20,443.3 1 0
github.com/denkhaus/templ-router/pkg/shared/yaml_parser.go:445.2,446.57 2 1
github.com/denkhaus/templ-router/pkg/shared/yaml_parser.go:446.57,450.3 3 1
github.com/denkhaus/templ-router/pkg/shared/yaml_parser.go:451.2,451.15 1 1
github.com/denkhaus/templ-router/pkg/shared/yaml_parser.go:456.54,457.24 1 0
github.com/denkhaus/templ-router/pkg/shared/yaml_parser.go:457.24,459.3 1 0
github.com/denkhaus/templ-router/pkg/shared/yaml_parser.go:462.2,465.29 2 0
github.com/denkhaus/templ-router/pkg/shared/yaml_parser.go:465.29,467.3 1 0
github.com/denkhaus/templ-router/pkg/shared/yaml_parser.go:468.2,468.35 1 0
github.com/denkhaus/templ-router/pkg/shared/yaml_parser.go:468.35,470.3 1 0
github.com/denkhaus/templ-router/pkg/shared/yaml_parser.go:471.2,471.35 1 0
github.com/denkhaus/templ-router/pkg/shared/yaml_parser.go:471.35,473.3 1 0
github.com/denkhaus/templ-router/pkg/shared/yaml_parser.go:474.2,474.30 1 0
github.com/denkhaus/templ-router/pkg/shared/yaml_parser.go:474.30,476.3 1 0
github.com/denkhaus/templ-router/pkg/shared/yaml_parser.go:477.2,477.31 1 0
github.com/denkhaus/templ-router/pkg/shared/yaml_parser.go:477.31,479.3 1 0
github.com/denkhaus/templ-router/pkg/shared/yaml_parser.go:482.2,482.45 1 0
github.com/denkhaus/templ-router/pkg/shared/yaml_parser.go:482.45,484.3 1 0
github.com/denkhaus/templ-router/pkg/shared/yaml_parser.go:486.2,486.15 1 0
github.com/denkhaus/templ-router/pkg/shared/yaml_parser.go:491.53,492.20 1 0
github.com/denkhaus/templ-router/pkg/shared/yaml_parser.go:492.20,494.3 1 0
github.com/denkhaus/templ-router/pkg/shared/yaml_parser.go:497.2,499.24 2 0
github.com/denkhaus/templ-router/pkg/shared/yaml_parser.go:499.24,501.3 1 0
github.com/denkhaus/templ-router/pkg/shared/yaml_parser.go:502.2,502.31 1 0
github.com/denkhaus/templ-router/pkg/shared/yaml_parser.go:502.31,504.3 1 0
github.com/denkhaus/templ-router/pkg/shared/yaml_parser.go:505.2,505.28 1 0
github.com/denkhaus/templ-router/pkg/shared/yaml_parser.go:505.28,507.3 1 0
github.com/denkhaus/templ-router/pkg/shared/yaml_parser.go:510.2,510.43 1 0
github.com/denkhaus/templ-router/pkg/shared/yaml_parser.go:510.43,512.3 1 0
github.com/denkhaus/templ-router/pkg/shared/yaml_parser.go:514.2,514.15 1 0
github.com/denkhaus/templ-router/pkg/shared/yaml_parser.go:519.55,520.22 1 0
github.com/denkhaus/templ-router/pkg/shared/yaml_parser.go:520.22,522.3 1 0
github.com/denkhaus/templ-router/pkg/shared/yaml_parser.go:524.2,526.30 2 0
github.com/denkhaus/templ-router/pkg/shared/yaml_parser.go:526.30,528.3 1 0
github.com/denkhaus/templ-router/pkg/shared/yaml_parser.go:531.2,531.45 1 0
github.com/denkhaus/templ-router/pkg/shared/yaml_parser.go:531.45,533.3 1 0
github.com/denkhaus/templ-router/pkg/shared/yaml_parser.go:535.2,535.15 1 0
github.com/denkhaus/templ-router/pkg/shared/yaml_parser.go:540.54,541.21 1 0
github.com/denkhaus/templ-router/pkg/shared/yaml_parser.go:541.21,543.3 1 0
github.com/denkhaus/templ-router/pkg/shared/yaml_parser.go:545.2,547.29 2 0
github.com/denkhaus/templ-router/pkg/shared/yaml_parser.go:547.29,549.3 1 0
github.com/denkhaus/templ-router/pkg/shared/yaml_parser.go:552.2,552.44 1 0
github.com/denkhaus/templ-router/pkg/shared/yaml_parser.go:552.44,554.3 1 0
github.com/denkhaus/templ-router/pkg/shared/yaml_parser.go:556.2,556.15 1 0
github.com/denkhaus/templ-router/pkg/shared/yaml_parser.go:561.56,562.23 1 0
github.com/denkhaus/templ-router/pkg/shared/yaml_parser.go:562.23,564.3 1 0
github.com/denkhaus/templ-router/pkg/shared/yaml_parser.go:566.2,569.31 2 0
github.com/denkhaus/templ-router/pkg/shared/yaml_parser.go:569.31,571.44 2 0
github.com/denkhaus/templ-router/pkg/shared/yaml_parser.go:571.44,576.26 5 0
github.com/denkhaus/templ-router/pkg/shared/yaml_parser.go:576.26,578.5 1 0
github.com/denkhaus/templ-router/pkg/shared/yaml_parser.go:579.4,579.27 1 0
github.com/denkhaus/templ-router/pkg/shared/yaml_parser.go:579.27,581.5 1 0
github.com/denkhaus/templ-router/pkg/shared/yaml_parser.go:584.4,584.42 1 0
github.com/denkhaus/templ-router/pkg/shared/yaml_parser.go:584.42,586.5 1 0
github.com/denkhaus/templ-router/pkg/shared/yaml_parser.go:588.4,588.25 1 0
github.com/denkhaus/templ-router/pkg/shared/yaml_parser.go:590.3,590.26 1 0
github.com/denkhaus/templ-router/pkg/shared/yaml_parser.go:594.2,594.46 1 0
github.com/denkhaus/templ-router/pkg/shared/yaml_parser.go:594.46,596.3 1 0
github.com/denkhaus/templ-router/pkg/shared/yaml_parser.go:598.2,598.15 1 0
github.com/denkhaus/templ-router/pkg/shared/yaml_parser.go:603.52,604.39 1 0
github.com/denkhaus/templ-router/pkg/shared/yaml_parser.go:604.39,606.3 1 0
github.com/denkhaus/templ-router/pkg/shared/yaml_parser.go:609.2,609.20 1 0
github.com/denkhaus/templ-router/pkg/shared/yaml_parser.go:609.20,614.3 1 0
github.com/denkhaus/templ-router/pkg/shared/yaml_parser.go:617.2,617.50 1 0
github.com/denkhaus/templ-router/pkg/shared/yaml_parser.go:617.50,619.3 1 0
github.com/denkhaus/templ-router/pkg/shared/yaml_parser.go:622.2,622.60 1 0
github.com/denkhaus/templ-router/pkg/shared/yaml_parser.go:622.60,623.42 1 0
github.com/denkhaus/templ-router/pkg/shared/yaml_parser.go:623.42,628.4 1 0
github.com/denkhaus/templ-router/pkg/shared/yaml_parser.go:631.3,631.53 1 0
github.com/denkhaus/templ-router/pkg/shared/yaml_parser.go:631.53,633.4 1 0
github.com/denkhaus/templ-router/pkg/shared/yaml_parser.go:639.56,640.43 1 0
github.com/denkhaus/templ-router/pkg/shared/yaml_parser.go:640.43,642.3 1 0
github.com/denkhaus/templ-router/pkg/shared/yaml_parser.go:645.2,645.24 1 0
github.com/denkhaus/templ-router/pkg/shared/yaml_parser.go:645.24,649.3 1 0
github.com/denkhaus/templ-router/pkg/shared/yaml_parser.go:652.2,652.32 1 0
github.com/denkhaus/templ-router/pkg/shared/yaml_parser.go:652.32,654.3 1 0
github.com/denkhaus/templ-router/pkg/shared/yaml_parser.go:655.2,655.38 1 0
github.com/denkhaus/templ-router/pkg/shared/yaml_parser.go:655.38,657.3 1 0
github.com/denkhaus/templ-router/pkg/shared/yaml_parser.go:658.2,658.38 1 0
github.com/denkhaus/templ-router/pkg/shared/yaml_parser.go:658.38,660.3 1 0
github.com/denkhaus/templ-router/pkg/shared/yaml_parser.go:661.2,661.33 1 0
github.com/denkhaus/templ-router/pkg/shared/yaml_parser.go:661.33,663.3 1 0
github.com/denkhaus/templ-router/pkg/shared/yaml_parser.go:664.2,664.34 1 0
github.com/denkhaus/templ-router/pkg/shared/yaml_parser.go:664.34,666.3 1 0
github.com/denkhaus/templ-router/pkg/shared/yaml_parser.go:669.2,669.48 1 0
github.com/denkhaus/templ-router/pkg/shared/yaml_parser.go:669.48,671.3 1 0
github.com/denkhaus/templ-router/pkg/shared/yaml_parser.go:675.71,689.2 11 0
github.com/denkhaus/templ-router/pkg/shared/yaml_parser.go:692.72,717.52 2 0
github.com/denkhaus/templ-router/pkg/shared/yaml_parser.go:717.52,719.3 1 0
github.com/denkhaus/templ-router/pkg/shared/yaml_parser.go:720.2,720.65 1 0
github.com/denkhaus/templ-router/pkg/shared/yaml_parser.go:720.65,722.3 1 0
github.com/denkhaus/templ-router/pkg/shared/yaml_parser.go:725.2,725.78 1 0
github.com/denkhaus/templ-router/pkg/shared/yaml_parser.go:725.78,726.41 1 0
github.com/denkhaus/templ-router/pkg/shared/yaml_parser.go:726.41,728.4 1 0
github.com/denkhaus/templ-router/pkg/shared/yaml_parser.go:732.2,732.71 1 0
github.com/denkhaus/templ-router/pkg/shared/yaml_parser.go:732.71,733.40 1 0
github.com/denkhaus/templ-router/pkg/shared/yaml_parser.go:733.40,735.4 1 0
github.com/denkhaus/templ-router/pkg/shared/yaml_parser.go:739.2,739.89 1 0
github.com/denkhaus/templ-router/pkg/shared/yaml_parser.go:739.89,740.53 1 0
github.com/denkhaus/templ-router/pkg/shared/yaml_parser.go:740.53,742.41 2 0
github.com/denkhaus/templ-router/pkg/shared/yaml_parser.go:742.41,744.5 1 0
github.com/denkhaus/templ-router/pkg/shared/yaml_parser.go:745.4,748.5 1 0
github.com/denkhaus/templ-router/pkg/shared/yaml_parser.go:753.2,753.76 1 0
github.com/denkhaus/templ-router/pkg/shared/yaml_parser.go:753.76,754.56 1 0
github.com/denkhaus/templ-router/pkg/shared/yaml_parser.go:754.56,756.4 1 0
github.com/denkhaus/templ-router/pkg/shared/yaml_parser.go:757.3,757.67 1 0
github.com/denkhaus/templ-router/pkg/shared/yaml_parser.go:757.67,759.4 1 0
github.com/denkhaus/templ-router/pkg/shared/yaml_parser.go:760.3,760.56 1 0
github.com/denkhaus/templ-router/pkg/shared/yaml_parser.go:760.56,762.4 1 0
github.com/denkhaus/templ-router/pkg/shared/yaml_parser.go:764.3,764.40 1 0
github.com/denkhaus/templ-router/pkg/shared/yaml_parser.go:764.40,765.64 1 0
github.com/denkhaus/templ-router/pkg/shared/yaml_parser.go:765.64,767.5 1 0
github.com/denkhaus/templ-router/pkg/shared/yaml_parser.go:772.2,772.80 1 0
github.com/denkhaus/templ-router/pkg/shared/yaml_parser.go:772.80,773.62 1 0
github.com/denkhaus/templ-router/pkg/shared/yaml_parser.go:773.62,775.4 1 0
github.com/denkhaus/templ-router/pkg/shared/yaml_parser.go:777.3,777.42 1 0
github.com/denkhaus/templ-router/pkg/shared/yaml_parser.go:777.42,778.25 1 0
github.com/denkhaus/templ-router/pkg/shared/yaml_parser.go:778.25,780.5 1 0
github.com/denkhaus/templ-router/pkg/shared/yaml_parser.go:785.2,785.78 1 0
github.com/denkhaus/templ-router/pkg/shared/yaml_parser.go:785.78,786.61 1 0
github.com/denkhaus/templ-router/pkg/shared/yaml_parser.go:786.61,788.4 1 0
github.com/denkhaus/templ-router/pkg/shared/yaml_parser.go:790.3,790.41 1 0
github.com/denkhaus/templ-router/pkg/shared/yaml_parser.go:790.41,791.25 1 0
github.com/denkhaus/templ-router/pkg/shared/yaml_parser.go:791.25,793.5 1 0
github.com/denkhaus/templ-router/pkg/shared/yaml_parser.go:798.2,798.82 1 0
github.com/denkhaus/templ-router/pkg/shared/yaml_parser.go:798.82,799.77 1 0
github.com/denkhaus/templ-router/pkg/shared/yaml_parser.go:799.77,800.46 1 0
github.com/denkhaus/templ-router/pkg/shared/yaml_parser.go:800.46,801.61 1 0
github.com/denkhaus/templ-router/pkg/shared/yaml_parser.go:801.61,806.54 2 0
github.com/denkhaus/templ-router/pkg/shared/yaml_parser.go:806.54,808.7 1 0
github.com/denkhaus/templ-router/pkg/shared/yaml_parser.go:809.6,809.56 1 0
github.com/denkhaus/templ-router/pkg/shared/yaml_parser.go:809.56,811.7 1 0
github.com/denkhaus/templ-router/pkg/shared/yaml_parser.go:812.6,812.56 1 0
github.com/denkhaus/templ-router/pkg/shared/yaml_parser.go:812.56,814.7 1 0
github.com/denkhaus/templ-router/pkg/shared/yaml_parser.go:815.6,815.52 1 0
github.com/denkhaus/templ-router/pkg/shared/yaml_parser.go:815.52,817.7 1 0
github.com/denkhaus/templ-router/pkg/shared/yaml_parser.go:819.6,819.38 1 0
github.com/denkhaus/templ-router/pkg/shared/yaml_parser.go:819.38,820.102 1 0
github.com/denkhaus/templ-router/pkg/shared/yaml_parser.go:820.102,822.8 1 0
github.com/denkhaus/templ-router/pkg/shared/yaml_parser.go:824.6,824.43 1 0
github.com/denkhaus/templ-router/pkg/shared/yaml_parser.go:829.3,829.43 1 0
github.com/denkhaus/templ-router/pkg/shared/yaml_parser.go:829.43,830.22 1 0
github.com/denkhaus/templ-router/pkg/shared/yaml_parser.go:830.22,832.5 1 0
github.com/denkhaus/templ-router/pkg/shared/yaml_parser.go:836.2,836.15 1 0
github.com/denkhaus/templ-router/pkg/router/i18n/i18n_advanced.go:10.84,14.43 2 0
github.com/denkhaus/templ-router/pkg/router/i18n/i18n_advanced.go:14.43,17.3 2 0
github.com/denkhaus/templ-router/pkg/router/i18n/i18n_advanced.go:19.2,19.20 1 0
github.com/denkhaus/templ-router/pkg/router/i18n/i18n_context.go:27.82,30.9 2 0
github.com/denkhaus/templ-router/pkg/router/i18n/i18n_context.go:30.9,32.3 1 0
github.com/denkhaus/templ-router/pkg/router/i18n/i18n_context.go:35.2,35.53 1 0
github.com/denkhaus/templ-router/pkg/router/i18n/i18n_context.go:35.53,37.3 1 0
github.com/denkhaus/templ-router/pkg/router/i18n/i18n_context.go:40.2,41.20 2 0
github.com/denkhaus/templ-router/pkg/router/i18n/i18n_context.go:41.20,43.3 1 0
github.com/denkhaus/templ-router/pkg/router/i18n/i18n_context.go:46.2,47.16 2 0
github.com/denkhaus/templ-router/pkg/router/i18n/i18n_context.go:47.16,49.3 1 0
github.com/denkhaus/templ-router/pkg/router/i18n/i18n_context.go:52.2,53.28 2 0
github.com/denkhaus/templ-router/pkg/router/i18n/i18n_context.go:53.28,54.68 1 0
github.com/denkhaus/templ-router/pkg/router/i18n/i18n_context.go:54.68,55.62 1 0
github.com/denkhaus/templ-router/pkg/router/i18n/i18n_context.go:55.62,57.5 1 0
github.com/denkhaus/templ-router/pkg/router/i18n/i18n_context.go:61.2,61.11 1 0
github.com/denkhaus/templ-router/pkg/router/i18n/i18n_context.go:65.57,67.47 1 0
github.com/denkhaus/templ-router/pkg/router/i18n/i18n_context.go:67.47,69.3 1 0
github.com/denkhaus/templ-router/pkg/router/i18n/i18n_context.go:70.2,70.37 1 0
github.com/denkhaus/templ-router/pkg/router/i18n/i18n_context.go:74.48,76.9 2 0
github.com/denkhaus/templ-router/pkg/router/i18n/i18n_context.go:76.9,79.3 1 0
github.com/denkhaus/templ-router/pkg/router/i18n/i18n_context.go:81.2,84.59 3 0
github.com/denkhaus/templ-router/pkg/router/i18n/i18n_context.go:84.59,91.3 2 0
github.com/denkhaus/templ-router/pkg/router/i18n/i18n_context.go:95.2,95.108 1 0
github.com/denkhaus/templ-router/pkg/router/i18n/i18n_context.go:95.108,97.3 1 0
github.com/denkhaus/templ-router/pkg/router/i18n/i18n_context.go:100.2,107.47 2 0
github.com/denkhaus/templ-router/pkg/router/i18n/i18n_context.go:111.51,113.9 2 1
github.com/denkhaus/templ-router/pkg/router/i18n/i18n_context.go:113.9,116.3 1 1
github.com/denkhaus/templ-router/pkg/router/i18n/i18n_context.go:117.2,117.15 1 1
github.com/denkhaus/templ-router/pkg/router/i18n/i18n_context.go:121.53,123.9 2 1
github.com/denkhaus/templ-router/pkg/router/i18n/i18n_context.go:123.9,126.3 1 1
github.com/denkhaus/templ-router/pkg/router/i18n/i18n_context.go:127.2,127.17 1 1
github.com/denkhaus/templ-router/pkg/router/i18n/i18n_context.go:131.53,133.9 2 0
github.com/denkhaus/templ-router/pkg/router/i18n/i18n_context.go:133.9,135.3 1 0
github.com/denkhaus/templ-router/pkg/router/i18n/i18n_context.go:137.2,141.37 4 0
github.com/denkhaus/templ-router/pkg/router/i18n/i18n_context.go:141.37,143.3 1 0
github.com/denkhaus/templ-router/pkg/router/i18n/i18n_context.go:145.2,145.13 1 0
github.com/denkhaus/templ-router/pkg/router/i18n/i18n_context.go:150.50,152.9 2 1
github.com/denkhaus/templ-router/pkg/router/i18n/i18n_context.go:152.9,154.3 1 1
github.com/denkhaus/templ-router/pkg/router/i18n/i18n_context.go:155.2,155.13 1 1
github.com/denkhaus/templ-router/pkg/router/i18n/i18n_context.go:160.73,162.41 1 1
github.com/denkhaus/templ-router/pkg/router/i18n/i18n_context.go:162.41,163.50 1 1
github.com/denkhaus/templ-router/pkg/router/i18n/i18n_context.go:163.50,164.12 1 1
github.com/denkhaus/templ-router/pkg/router/i18n/i18n_context.go:169.3,171.37 2 1
github.com/denkhaus/templ-router/pkg/router/i18n/i18n_context.go:171.37,172.25 1 1
github.com/denkhaus/templ-router/pkg/router/i18n/i18n_context.go:172.25,175.18 2 1
github.com/denkhaus/templ-router/pkg/router/i18n/i18n_context.go:175.18,178.6 1 1
github.com/denkhaus/templ-router/pkg/router/i18n/i18n_context.go:181.4,181.41 1 1
github.com/denkhaus/templ-router/pkg/router/i18n/i18n_context.go:181.41,183.4 1 1
github.com/denkhaus/templ-router/pkg/router/i18n/i18n_context.go:185.2,185.14 1 1
github.com/denkhaus/templ-router/pkg/router/i18n/i18n_context.go:191.52,197.47 3 1
github.com/denkhaus/templ-router/pkg/router/i18n/i18n_context.go:197.47,199.3 1 1
github.com/denkhaus/templ-router/pkg/router/i18n/i18n_context.go:202.2,202.49 1 1
github.com/denkhaus/templ-router/pkg/router/i18n/i18n_context.go:202.49,203.65 1 1
github.com/denkhaus/templ-router/pkg/router/i18n/i18n_context.go:203.65,205.4 1 0
github.com/denkhaus/templ-router/pkg/router/i18n/i18n_context.go:208.2,208.13 1 1
github.com/denkhaus/templ-router/pkg/router/i18n/i18n_context.go:214.63,216.20 2 1
github.com/denkhaus/templ-router/pkg/router/i18n/i18n_context.go:216.20,218.3 1 1
github.com/denkhaus/templ-router/pkg/router/i18n/i18n_context.go:221.2,222.9 2 1
github.com/denkhaus/templ-router/pkg/router/i18n/i18n_context.go:222.9,225.3 1 1
github.com/denkhaus/templ-router/pkg/router/i18n/i18n_context.go:228.2,228.47 1 1
github.com/denkhaus/templ-router/pkg/router/i18n/i18n_context.go:228.47,231.3 1 1
github.com/denkhaus/templ-router/pkg/router/i18n/i18n_context.go:234.2,237.43 2 1
github.com/denkhaus/templ-router/pkg/router/i18n/i18n_context.go:237.43,240.30 2 1
github.com/denkhaus/templ-router/pkg/router/i18n/i18n_context.go:240.30,242.4 1 1
github.com/denkhaus/templ-router/pkg/router/i18n/i18n_context.go:243.3,243.33 1 1
github.com/denkhaus/templ-router/pkg/router/i18n/i18n_context.go:247.2,247.17 1 0
github.com/denkhaus/templ-router/pkg/router/i18n/i18n_context.go:251.88,255.34 2 1
github.com/denkhaus/templ-router/pkg/router/i18n/i18n_context.go:255.34,258.3 1 1
github.com/denkhaus/templ-router/pkg/router/i18n/i18n_context.go:261.2,264.43 2 1
github.com/denkhaus/templ-router/pkg/router/i18n/i18n_context.go:264.43,267.30 2 1
github.com/denkhaus/templ-router/pkg/router/i18n/i18n_context.go:267.30,269.4 1 0
github.com/denkhaus/templ-router/pkg/router/i18n/i18n_context.go:270.3,270.33 1 1
github.com/denkhaus/templ-router/pkg/router/i18n/i18n_context.go:274.2,274.17 1 0
github.com/denkhaus/templ-router/pkg/router/i18n/i18n_yaml_parser.go:17.104,19.20 1 1
github.com/denkhaus/templ-router/pkg/router/i18n/i18n_yaml_parser.go:19.20,21.3 1 0
github.com/denkhaus/templ-router/pkg/router/i18n/i18n_yaml_parser.go:23.2,23.19 1 1
github.com/denkhaus/templ-router/pkg/router/i18n/i18n_yaml_parser.go:23.19,25.3 1 0
github.com/denkhaus/templ-router/pkg/router/i18n/i18n_yaml_parser.go:27.2,31.16 3 1
github.com/denkhaus/templ-router/pkg/router/i18n/i18n_yaml_parser.go:31.16,33.3 1 0
github.com/denkhaus/templ-router/pkg/router/i18n/i18n_yaml_parser.go:36.2,39.20 3 1
github.com/denkhaus/templ-router/pkg/router/i18n/i18n_yaml_parser.go:39.20,51.3 3 1
github.com/denkhaus/templ-router/pkg/router/i18n/i18n_yaml_parser.go:54.2,60.8 2 1
github.com/denkhaus/templ-router/pkg/router/i18n/i18n_yaml_parser.go:64.61,66.2 1 1
github.com/denkhaus/templ-router/pkg/router/i18n/utils.go:11.60,14.2 2 0
github.com/denkhaus/templ-router/pkg/router/i18n/utils.go:16.70,18.2 1 0
github.com/denkhaus/templ-router/pkg/router/i18n/utils.go:20.71,22.41 1 1
github.com/denkhaus/templ-router/pkg/router/i18n/utils.go:22.41,24.3 1 1
github.com/denkhaus/templ-router/pkg/router/i18n/utils.go:27.2,28.18 2 1
github.com/denkhaus/templ-router/pkg/router/i18n/utils.go:28.18,32.3 2 1
github.com/denkhaus/templ-router/pkg/router/i18n/utils.go:34.2,34.13 1 0
github.com/denkhaus/templ-router/pkg/interfaces/types.go:83.36,84.12 1 0
github.com/denkhaus/templ-router/pkg/interfaces/types.go:85.22,86.18 1 0
github.com/denkhaus/templ-router/pkg/interfaces/types.go:87.20,88.16 1 0
github.com/denkhaus/templ-router/pkg/interfaces/types.go:89.21,90.17 1 0
github.com/denkhaus/templ-router/pkg/interfaces/types.go:91.10,92.19 1 0
github.com/denkhaus/templ-router/pkg/router/middleware/auth_context_middleware.go:21.78,31.2 4 0
github.com/denkhaus/templ-router/pkg/router/middleware/auth_context_middleware.go:34.78,35.71 1 0
github.com/denkhaus/templ-router/pkg/router/middleware/auth_context_middleware.go:35.71,42.17 4 0
github.com/denkhaus/templ-router/pkg/router/middleware/auth_context_middleware.go:42.17,47.4 3 0
github.com/denkhaus/templ-router/pkg/router/middleware/auth_context_middleware.go:49.3,56.17 3 0
github.com/denkhaus/templ-router/pkg/router/middleware/auth_context_middleware.go:56.17,63.4 3 0
github.com/denkhaus/templ-router/pkg/router/middleware/auth_context_middleware.go:66.3,73.23 4 0
github.com/denkhaus/templ-router/pkg/router/middleware/auth_middleware.go:32.83,42.2 4 0
github.com/denkhaus/templ-router/pkg/router/middleware/auth_middleware.go:45.99,46.71 1 0
github.com/denkhaus/templ-router/pkg/router/middleware/auth_middleware.go:46.71,48.59 1 0
github.com/denkhaus/templ-router/pkg/router/middleware/auth_middleware.go:48.59,51.4 2 0
github.com/denkhaus/templ-router/pkg/router/middleware/auth_middleware.go:54.3,55.17 2 0
github.com/denkhaus/templ-router/pkg/router/middleware/auth_middleware.go:55.17,61.4 3 0
github.com/denkhaus/templ-router/pkg/router/middleware/auth_middleware.go:64.3,64.34 1 0
github.com/denkhaus/templ-router/pkg/router/middleware/auth_middleware.go:64.34,67.4 2 0
github.com/denkhaus/templ-router/pkg/router/middleware/auth_middleware.go:70.3,70.62 1 0
github.com/denkhaus/templ-router/pkg/router/middleware/auth_middleware.go:70.62,73.4 2 0
github.com/denkhaus/templ-router/pkg/router/middleware/auth_middleware.go:76.3,76.23 1 0
github.com/denkhaus/templ-router/pkg/router/middleware/auth_middleware.go:81.153,88.34 3 0
github.com/denkhaus/templ-router/pkg/router/middleware/auth_middleware.go:88.34,90.3 1 0
github.com/denkhaus/templ-router/pkg/router/middleware/auth_middleware.go:90.8,93.74 2 0
github.com/denkhaus/templ-router/pkg/router/middleware/auth_middleware.go:93.74,95.4 1 0
github.com/denkhaus/templ-router/pkg/router/middleware/auth_middleware.go:99.2,99.23 1 0
github.com/denkhaus/templ-router/pkg/router/middleware/auth_middleware.go:99.23,100.27 1 0
github.com/denkhaus/templ-router/pkg/router/middleware/auth_middleware.go:100.27,102.4 1 0
github.com/denkhaus/templ-router/pkg/router/middleware/auth_middleware.go:102.9,104.4 1 0
github.com/denkhaus/templ-router/pkg/router/middleware/auth_middleware.go:106.3,110.53 2 0
github.com/denkhaus/templ-router/pkg/router/middleware/auth_middleware.go:111.8,115.3 2 0
github.com/denkhaus/templ-router/pkg/router/middleware/auth_middleware.go:119.124,124.36 2 0
github.com/denkhaus/templ-router/pkg/router/middleware/auth_middleware.go:124.36,126.3 1 0
github.com/denkhaus/templ-router/pkg/router/middleware/auth_middleware.go:126.8,131.3 2 0
github.com/denkhaus/templ-router/pkg/router/middleware/dedicated_error_template_service.go:27.93,35.2 3 0
github.com/denkhaus/templ-router/pkg/router/middleware/dedicated_error_template_service.go:39.162,52.13 5 0
github.com/denkhaus/templ-router/pkg/router/middleware/dedicated_error_template_service.go:52.13,56.3 2 0
github.com/denkhaus/templ-router/pkg/router/middleware/dedicated_error_template_service.go:59.2,59.70 1 0
github.com/denkhaus/templ-router/pkg/router/middleware/dedicated_error_template_service.go:64.121,68.2 1 0
github.com/denkhaus/templ-router/pkg/router/middleware/dedicated_error_template_service.go:71.163,75.51 2 0
github.com/denkhaus/templ-router/pkg/router/middleware/dedicated_error_template_service.go:75.51,79.3 3 0
github.com/denkhaus/templ-router/pkg/router/middleware/dedicated_error_template_service.go:82.2,82.64 1 0
github.com/denkhaus/templ-router/pkg/router/middleware/dedicated_error_template_service.go:82.64,86.3 3 0
github.com/denkhaus/templ-router/pkg/router/middleware/dedicated_error_template_service.go:89.2,89.62 1 0
github.com/denkhaus/templ-router/pkg/router/middleware/dedicated_error_template_service.go:89.62,93.3 3 0
github.com/denkhaus/templ-router/pkg/router/middleware/dedicated_error_template_service.go:96.2,96.70 1 0
github.com/denkhaus/templ-router/pkg/router/middleware/dedicated_error_template_service.go:100.162,104.37 3 0
github.com/denkhaus/templ-router/pkg/router/middleware/dedicated_error_template_service.go:104.37,106.3 1 0
github.com/denkhaus/templ-router/pkg/router/middleware/dedicated_error_template_service.go:109.2,111.27 2 0
github.com/denkhaus/templ-router/pkg/router/middleware/dedicated_error_template_service.go:111.27,114.3 1 0
github.com/denkhaus/templ-router/pkg/router/middleware/dedicated_error_template_service.go:114.8,114.34 1 0
github.com/denkhaus/templ-router/pkg/router/middleware/dedicated_error_template_service.go:114.34,117.3 1 0
github.com/denkhaus/templ-router/pkg/router/middleware/dedicated_error_template_service.go:117.8,119.3 1 0
github.com/denkhaus/templ-router/pkg/router/middleware/dedicated_error_template_service.go:122.2,123.23 2 0
github.com/denkhaus/templ-router/pkg/router/middleware/dedicated_error_template_service.go:123.23,125.3 1 0
github.com/denkhaus/templ-router/pkg/router/middleware/dedicated_error_template_service.go:128.2,129.9 2 0
github.com/denkhaus/templ-router/pkg/router/middleware/dedicated_error_template_service.go:129.9,131.3 1 0
github.com/denkhaus/templ-router/pkg/router/middleware/dedicated_error_template_service.go:133.2,134.23 2 0
github.com/denkhaus/templ-router/pkg/router/middleware/dedicated_error_template_service.go:138.119,141.2 2 0
github.com/denkhaus/templ-router/pkg/router/middleware/error_renderer.go:20.40,22.16 2 0
github.com/denkhaus/templ-router/pkg/router/middleware/error_renderer.go:22.16,25.3 1 0
github.com/denkhaus/templ-router/pkg/router/middleware/error_renderer.go:26.2,26.39 1 0
github.com/denkhaus/templ-router/pkg/router/middleware/error_renderer.go:41.81,42.57 1 0
github.com/denkhaus/templ-router/pkg/router/middleware/error_renderer.go:42.57,46.3 2 0
github.com/denkhaus/templ-router/pkg/router/middleware/error_renderer.go:49.2,49.46 1 0
github.com/denkhaus/templ-router/pkg/router/middleware/error_renderer.go:53.123,64.2 3 0
github.com/denkhaus/templ-router/pkg/router/middleware/error_service_core.go:22.74,24.16 2 0
github.com/denkhaus/templ-router/pkg/router/middleware/error_service_core.go:24.16,26.3 1 0
github.com/denkhaus/templ-router/pkg/router/middleware/error_service_core.go:28.2,41.8 5 0
github.com/denkhaus/templ-router/pkg/router/middleware/error_service_core.go:45.94,47.2 1 0
github.com/denkhaus/templ-router/pkg/router/middleware/error_service_core.go:50.89,58.26 3 0
github.com/denkhaus/templ-router/pkg/router/middleware/error_service_core.go:58.26,66.23 3 0
github.com/denkhaus/templ-router/pkg/router/middleware/error_service_core.go:66.23,68.4 1 0
github.com/denkhaus/templ-router/pkg/router/middleware/error_service_core.go:72.2,75.69 2 0
github.com/denkhaus/templ-router/pkg/router/middleware/error_service_core.go:79.132,89.72 2 0
github.com/denkhaus/templ-router/pkg/router/middleware/error_service_core.go:89.72,93.3 2 0
github.com/denkhaus/templ-router/pkg/router/middleware/error_service_core.go:96.2,104.16 3 0
github.com/denkhaus/templ-router/pkg/router/middleware/error_service_core.go:104.16,109.3 2 0
github.com/denkhaus/templ-router/pkg/router/middleware/error_service_core.go:111.2,115.18 2 0
github.com/denkhaus/templ-router/pkg/router/middleware/error_template_resolver.go:25.77,35.2 4 0
github.com/denkhaus/templ-router/pkg/router/middleware/error_template_resolver.go:39.103,49.47 4 0
github.com/denkhaus/templ-router/pkg/router/middleware/error_template_resolver.go:49.47,50.54 1 0
github.com/denkhaus/templ-router/pkg/router/middleware/error_template_resolver.go:50.54,60.4 2 0
github.com/denkhaus/templ-router/pkg/router/middleware/error_template_resolver.go:63.2,64.12 2 0
github.com/denkhaus/templ-router/pkg/router/middleware/error_template_resolver.go:69.107,79.42 4 0
github.com/denkhaus/templ-router/pkg/router/middleware/error_template_resolver.go:79.42,82.13 2 0
github.com/denkhaus/templ-router/pkg/router/middleware/error_template_resolver.go:82.13,85.4 1 0
github.com/denkhaus/templ-router/pkg/router/middleware/error_template_resolver.go:85.9,89.4 2 0
github.com/denkhaus/templ-router/pkg/router/middleware/error_template_resolver.go:91.3,91.49 1 0
github.com/denkhaus/templ-router/pkg/router/middleware/error_template_resolver.go:94.2,98.19 2 0
github.com/denkhaus/templ-router/pkg/router/middleware/error_template_resolver.go:102.89,109.32 3 0
github.com/denkhaus/templ-router/pkg/router/middleware/error_template_resolver.go:109.32,111.3 1 0
github.com/denkhaus/templ-router/pkg/router/middleware/error_template_resolver.go:115.2,116.22 2 0
github.com/denkhaus/templ-router/pkg/router/middleware/error_template_resolver.go:120.89,127.35 3 0
github.com/denkhaus/templ-router/pkg/router/middleware/error_template_resolver.go:127.35,128.18 1 0
github.com/denkhaus/templ-router/pkg/router/middleware/error_template_resolver.go:129.14,130.14 1 0
github.com/denkhaus/templ-router/pkg/router/middleware/error_template_resolver.go:131.14,132.14 1 0
github.com/denkhaus/templ-router/pkg/router/middleware/error_template_resolver.go:133.14,134.14 1 0
github.com/denkhaus/templ-router/pkg/router/middleware/error_template_resolver.go:135.14,136.14 1 0
github.com/denkhaus/templ-router/pkg/router/middleware/error_template_resolver.go:141.2,141.12 1 0
github.com/denkhaus/templ-router/pkg/router/middleware/filesystem_checker.go:19.90,24.2 2 0
github.com/denkhaus/templ-router/pkg/router/middleware/filesystem_checker.go:27.71,28.16 1 0
github.com/denkhaus/templ-router/pkg/router/middleware/filesystem_checker.go:28.16,30.3 1 0
github.com/denkhaus/templ-router/pkg/router/middleware/filesystem_checker.go:32.2,33.16 2 0
github.com/denkhaus/templ-router/pkg/router/middleware/filesystem_checker.go:33.16,38.3 2 0
github.com/denkhaus/templ-router/pkg/router/middleware/filesystem_checker.go:40.2,46.15 3 0
github.com/denkhaus/templ-router/pkg/router/middleware/filesystem_checker.go:50.72,51.16 1 0
github.com/denkhaus/templ-router/pkg/router/middleware/filesystem_checker.go:51.16,53.3 1 0
github.com/denkhaus/templ-router/pkg/router/middleware/filesystem_checker.go:55.2,56.16 2 0
github.com/denkhaus/templ-router/pkg/router/middleware/filesystem_checker.go:56.16,61.3 2 0
github.com/denkhaus/templ-router/pkg/router/middleware/filesystem_checker.go:63.2,68.14 3 0
github.com/denkhaus/templ-router/pkg/router/middleware/filesystem_checker.go:72.130,73.16 1 0
github.com/denkhaus/templ-router/pkg/router/middleware/filesystem_checker.go:73.16,75.3 1 0
github.com/denkhaus/templ-router/pkg/router/middleware/filesystem_checker.go:77.2,79.82 2 0
github.com/denkhaus/templ-router/pkg/router/middleware/filesystem_checker.go:79.82,80.17 1 0
github.com/denkhaus/templ-router/pkg/router/middleware/filesystem_checker.go:80.17,85.4 2 0
github.com/denkhaus/templ-router/pkg/router/middleware/filesystem_checker.go:87.3,92.34 3 0
github.com/denkhaus/templ-router/pkg/router/middleware/i18n_middleware.go:41.83,49.2 3 0
github.com/denkhaus/templ-router/pkg/router/middleware/i18n_middleware.go:52.60,56.2 2 0
github.com/denkhaus/templ-router/pkg/router/middleware/i18n_middleware.go:59.61,61.45 2 0
github.com/denkhaus/templ-router/pkg/router/middleware/i18n_middleware.go:61.45,62.26 1 0
github.com/denkhaus/templ-router/pkg/router/middleware/i18n_middleware.go:62.26,64.4 1 0
github.com/denkhaus/templ-router/pkg/router/middleware/i18n_middleware.go:66.2,66.14 1 0
github.com/denkhaus/templ-router/pkg/router/middleware/i18n_middleware.go:70.96,73.16 2 0
github.com/denkhaus/templ-router/pkg/router/middleware/i18n_middleware.go:73.16,78.3 3 0
github.com/denkhaus/templ-router/pkg/router/middleware/i18n_middleware.go:81.2,99.46 4 0
github.com/denkhaus/templ-router/pkg/router/middleware/i18n_middleware.go:99.46,100.54 1 0
github.com/denkhaus/templ-router/pkg/router/middleware/i18n_middleware.go:100.54,102.4 1 0
github.com/denkhaus/templ-router/pkg/router/middleware/i18n_middleware.go:102.9,109.4 1 0
github.com/denkhaus/templ-router/pkg/router/middleware/i18n_middleware.go:112.2,122.46 4 0
github.com/denkhaus/templ-router/pkg/router/middleware/i18n_middleware.go:122.46,128.3 2 0
github.com/denkhaus/templ-router/pkg/router/middleware/i18n_middleware.go:130.2,132.54 1 0
github.com/denkhaus/templ-router/pkg/router/middleware/i18n_middleware.go:136.87,137.71 1 0
github.com/denkhaus/templ-router/pkg/router/middleware/i18n_middleware.go:137.71,142.65 2 0
github.com/denkhaus/templ-router/pkg/router/middleware/i18n_middleware.go:142.65,151.4 3 0
github.com/denkhaus/templ-router/pkg/router/middleware/i18n_middleware.go:153.3,166.40 5 0
github.com/denkhaus/templ-router/pkg/router/middleware/layout_service.go:25.72,36.2 5 0
github.com/denkhaus/templ-router/pkg/router/middleware/layout_service.go:39.100,52.6 7 0
github.com/denkhaus/templ-router/pkg/router/middleware/layout_service.go:52.6,60.50 3 0
github.com/denkhaus/templ-router/pkg/router/middleware/layout_service.go:60.50,74.4 3 0
github.com/denkhaus/templ-router/pkg/router/middleware/layout_service.go:77.3,78.62 2 0
github.com/denkhaus/templ-router/pkg/router/middleware/layout_service.go:78.62,84.4 2 0
github.com/denkhaus/templ-router/pkg/router/middleware/layout_service.go:86.3,90.23 3 0
github.com/denkhaus/templ-router/pkg/router/middleware/layout_service.go:90.23,95.4 2 0
github.com/denkhaus/templ-router/pkg/router/middleware/layout_service.go:100.142,104.27 2 0
github.com/denkhaus/templ-router/pkg/router/middleware/layout_service.go:104.27,106.17 2 0
github.com/denkhaus/templ-router/pkg/router/middleware/layout_service.go:106.17,107.23 1 0
github.com/denkhaus/templ-router/pkg/router/middleware/layout_service.go:107.23,112.5 1 0
github.com/denkhaus/templ-router/pkg/router/middleware/layout_service.go:113.9,116.84 1 0
github.com/denkhaus/templ-router/pkg/router/middleware/layout_service.go:116.84,117.70 1 0
github.com/denkhaus/templ-router/pkg/router/middleware/layout_service.go:117.70,125.48 5 0
github.com/denkhaus/templ-router/pkg/router/middleware/layout_service.go:125.48,126.90 1 0
github.com/denkhaus/templ-router/pkg/router/middleware/layout_service.go:126.90,127.57 1 0
github.com/denkhaus/templ-router/pkg/router/middleware/layout_service.go:127.57,128.47 1 0
github.com/denkhaus/templ-router/pkg/router/middleware/layout_service.go:128.47,130.10 1 0
github.com/denkhaus/templ-router/pkg/router/middleware/layout_service.go:134.6,134.48 1 0
github.com/denkhaus/templ-router/pkg/router/middleware/layout_service.go:134.48,135.90 1 0
github.com/denkhaus/templ-router/pkg/router/middleware/layout_service.go:135.90,136.57 1 0
github.com/denkhaus/templ-router/pkg/router/middleware/layout_service.go:136.57,137.47 1 0
github.com/denkhaus/templ-router/pkg/router/middleware/layout_service.go:137.47,139.10 1 0
github.com/denkhaus/templ-router/pkg/router/middleware/layout_service.go:144.6,147.47 1 0
github.com/denkhaus/templ-router/pkg/router/middleware/layout_service.go:148.11,154.6 2 0
github.com/denkhaus/templ-router/pkg/router/middleware/layout_service.go:155.10,161.5 2 0
github.com/denkhaus/templ-router/pkg/router/middleware/layout_service.go:166.2,172.3 1 0
github.com/denkhaus/templ-router/pkg/router/middleware/layout_service.go:185.83,189.26 2 0
github.com/denkhaus/templ-router/pkg/router/middleware/layout_service.go:189.26,194.17 3 0
github.com/denkhaus/templ-router/pkg/router/middleware/layout_service.go:194.17,198.4 1 0
github.com/denkhaus/templ-router/pkg/router/middleware/layout_service.go:198.9,201.4 2 0
github.com/denkhaus/templ-router/pkg/router/middleware/layout_service.go:206.2,206.56 1 0
github.com/denkhaus/templ-router/pkg/router/middleware/layout_service.go:210.87,217.34 2 0
github.com/denkhaus/templ-router/pkg/router/middleware/layout_service.go:217.34,227.50 3 0
github.com/denkhaus/templ-router/pkg/router/middleware/layout_service.go:227.50,229.4 1 0
github.com/denkhaus/templ-router/pkg/router/middleware/layout_service.go:233.2,233.30 1 0
github.com/denkhaus/templ-router/pkg/router/middleware/layout_service.go:233.30,239.52 2 0
github.com/denkhaus/templ-router/pkg/router/middleware/layout_service.go:239.52,241.4 1 0
github.com/denkhaus/templ-router/pkg/router/middleware/layout_service.go:243.3,243.68 1 0
github.com/denkhaus/templ-router/pkg/router/middleware/layout_service.go:243.68,248.48 2 0
github.com/denkhaus/templ-router/pkg/router/middleware/layout_service.go:248.48,250.5 1 0
github.com/denkhaus/templ-router/pkg/router/middleware/layout_service.go:255.2,255.30 1 0
github.com/denkhaus/templ-router/pkg/router/middleware/layout_service.go:255.30,263.48 3 0
github.com/denkhaus/templ-router/pkg/router/middleware/layout_service.go:263.48,265.4 1 0
github.com/denkhaus/templ-router/pkg/router/middleware/layout_service.go:269.2,269.32 1 0
github.com/denkhaus/templ-router/pkg/router/middleware/layout_service.go:269.32,274.50 2 0
github.com/denkhaus/templ-router/pkg/router/middleware/layout_service.go:274.50,276.4 1 0
github.com/denkhaus/templ-router/pkg/router/middleware/layout_service.go:280.2,280.31 1 0
github.com/denkhaus/templ-router/pkg/router/middleware/layout_service.go:280.31,285.49 2 0
github.com/denkhaus/templ-router/pkg/router/middleware/layout_service.go:285.49,287.4 1 0
github.com/denkhaus/templ-router/pkg/router/middleware/layout_service.go:291.2,291.33 1 0
github.com/denkhaus/templ-router/pkg/router/middleware/layout_service.go:291.33,296.48 2 0
github.com/denkhaus/templ-router/pkg/router/middleware/layout_service.go:296.48,305.35 2 0
github.com/denkhaus/templ-router/pkg/router/middleware/layout_service.go:305.35,307.5 1 0
github.com/denkhaus/templ-router/pkg/router/middleware/layout_service.go:309.3,309.51 1 0
github.com/denkhaus/templ-router/pkg/router/middleware/layout_service.go:309.51,311.4 1 0
github.com/denkhaus/templ-router/pkg/router/middleware/layout_service.go:315.2,319.32 3 0
github.com/denkhaus/templ-router/pkg/router/middleware/layout_service.go:319.32,327.50 3 0
github.com/denkhaus/templ-router/pkg/router/middleware/layout_service.go:327.50,329.4 1 0
github.com/denkhaus/templ-router/pkg/router/middleware/layout_service.go:333.2,333.34 1 0
github.com/denkhaus/templ-router/pkg/router/middleware/layout_service.go:333.34,338.52 2 0
github.com/denkhaus/templ-router/pkg/router/middleware/layout_service.go:338.52,340.4 1 0
github.com/denkhaus/templ-router/pkg/router/middleware/layout_service.go:344.2,344.33 1 0
github.com/denkhaus/templ-router/pkg/router/middleware/layout_service.go:344.33,349.51 2 0
github.com/denkhaus/templ-router/pkg/router/middleware/layout_service.go:349.51,351.4 1 0
github.com/denkhaus/templ-router/pkg/router/middleware/layout_service.go:355.2,355.35 1 0
github.com/denkhaus/templ-router/pkg/router/middleware/layout_service.go:355.35,360.50 2 0
github.com/denkhaus/templ-router/pkg/router/middleware/layout_service.go:360.50,369.35 2 0
github.com/denkhaus/templ-router/pkg/router/middleware/layout_service.go:369.35,371.5 1 0
github.com/denkhaus/templ-router/pkg/router/middleware/layout_service.go:373.3,373.53 1 0
github.com/denkhaus/templ-router/pkg/router/middleware/layout_service.go:373.53,375.4 1 0
github.com/denkhaus/templ-router/pkg/router/middleware/layout_service.go:378.2,378.15 1 0
github.com/denkhaus/templ-router/pkg/router/middleware/parameter_extractor.go:47.83,80.2 4 0
github.com/denkhaus/templ-router/pkg/router/middleware/parameter_extractor.go:83.120,88.21 3 0
github.com/denkhaus/templ-router/pkg/router/middleware/parameter_extractor.go:88.21,90.3 1 0
github.com/denkhaus/templ-router/pkg/router/middleware/parameter_extractor.go:92.2,101.21 3 0
github.com/denkhaus/templ-router/pkg/router/middleware/parameter_extractor.go:101.21,102.74 1 0
github.com/denkhaus/templ-router/pkg/router/middleware/parameter_extractor.go:102.74,104.4 1 0
github.com/denkhaus/templ-router/pkg/router/middleware/parameter_extractor.go:108.2,108.54 1 0
github.com/denkhaus/templ-router/pkg/router/middleware/parameter_extractor.go:108.54,109.78 1 0
github.com/denkhaus/templ-router/pkg/router/middleware/parameter_extractor.go:109.78,111.4 1 0
github.com/denkhaus/templ-router/pkg/router/middleware/parameter_extractor.go:114.2,118.15 2 0
github.com/denkhaus/templ-router/pkg/router/middleware/parameter_extractor.go:122.132,127.17 3 0
github.com/denkhaus/templ-router/pkg/router/middleware/parameter_extractor.go:127.17,128.43 1 0
github.com/denkhaus/templ-router/pkg/router/middleware/parameter_extractor.go:128.43,129.38 1 0
github.com/denkhaus/templ-router/pkg/router/middleware/parameter_extractor.go:129.38,131.20 2 0
github.com/denkhaus/templ-router/pkg/router/middleware/parameter_extractor.go:131.20,137.6 2 0
github.com/denkhaus/templ-router/pkg/router/middleware/parameter_extractor.go:143.2,144.21 2 0
github.com/denkhaus/templ-router/pkg/router/middleware/parameter_extractor.go:144.21,146.28 2 0
github.com/denkhaus/templ-router/pkg/router/middleware/parameter_extractor.go:146.28,149.39 2 0
github.com/denkhaus/templ-router/pkg/router/middleware/parameter_extractor.go:149.39,154.5 2 0
github.com/denkhaus/templ-router/pkg/router/middleware/parameter_extractor.go:158.2,163.15 2 0
github.com/denkhaus/templ-router/pkg/router/middleware/parameter_extractor.go:167.78,169.30 1 0
github.com/denkhaus/templ-router/pkg/router/middleware/parameter_extractor.go:169.30,172.3 2 0
github.com/denkhaus/templ-router/pkg/router/middleware/parameter_extractor.go:175.2,176.41 2 0
github.com/denkhaus/templ-router/pkg/router/middleware/parameter_extractor.go:176.41,177.22 1 0
github.com/denkhaus/templ-router/pkg/router/middleware/parameter_extractor.go:177.22,179.4 1 0
github.com/denkhaus/templ-router/pkg/router/middleware/parameter_extractor.go:181.2,181.14 1 0
github.com/denkhaus/templ-router/pkg/router/middleware/parameter_extractor.go:185.135,186.43 1 0
github.com/denkhaus/templ-router/pkg/router/middleware/parameter_extractor.go:186.43,191.3 2 0
github.com/denkhaus/templ-router/pkg/router/middleware/parameter_extractor.go:193.2,193.60 1 0
github.com/denkhaus/templ-router/pkg/router/middleware/parameter_extractor.go:193.60,194.35 1 0
github.com/denkhaus/templ-router/pkg/router/middleware/parameter_extractor.go:194.35,196.93 1 0
github.com/denkhaus/templ-router/pkg/router/middleware/parameter_extractor.go:196.93,202.5 2 0
github.com/denkhaus/templ-router/pkg/router/middleware/parameter_extractor.go:202.10,202.22 1 0
github.com/denkhaus/templ-router/pkg/router/middleware/parameter_extractor.go:202.22,209.5 2 0
github.com/denkhaus/templ-router/pkg/router/middleware/parameter_extractor.go:215.91,218.2 1 0
github.com/denkhaus/templ-router/pkg/router/middleware/router_context.go:24.88,34.2 2 0
github.com/denkhaus/templ-router/pkg/router/middleware/router_context.go:37.52,39.2 1 0
github.com/denkhaus/templ-router/pkg/router/middleware/router_context.go:42.57,43.25 1 0
github.com/denkhaus/templ-router/pkg/router/middleware/router_context.go:43.25,45.3 1 0
github.com/denkhaus/templ-router/pkg/router/middleware/router_context.go:46.2,46.26 1 0
github.com/denkhaus/templ-router/pkg/router/middleware/router_context.go:50.62,51.25 1 0
github.com/denkhaus/templ-router/pkg/router/middleware/router_context.go:51.25,53.3 1 0
github.com/denkhaus/templ-router/pkg/router/middleware/router_context.go:55.2,56.33 2 0
github.com/denkhaus/templ-router/pkg/router/middleware/router_context.go:56.33,58.3 1 0
github.com/denkhaus/templ-router/pkg/router/middleware/router_context.go:59.2,59.15 1 0
github.com/denkhaus/templ-router/pkg/router/middleware/router_context.go:63.59,64.27 1 0
github.com/denkhaus/templ-router/pkg/router/middleware/router_context.go:64.27,66.3 1 0
github.com/denkhaus/templ-router/pkg/router/middleware/router_context.go:67.2,67.32 1 0
github.com/denkhaus/templ-router/pkg/router/middleware/router_context.go:71.62,72.27 1 0
github.com/denkhaus/templ-router/pkg/router/middleware/router_context.go:72.27,74.3 1 0
github.com/denkhaus/templ-router/pkg/router/middleware/router_context.go:75.2,75.28 1 0
github.com/denkhaus/templ-router/pkg/router/middleware/router_context.go:79.57,80.27 1 0
github.com/denkhaus/templ-router/pkg/router/middleware/router_context.go:80.27,82.3 1 0
github.com/denkhaus/templ-router/pkg/router/middleware/router_context.go:84.2,85.35 2 0
github.com/denkhaus/templ-router/pkg/router/middleware/router_context.go:85.35,88.3 2 0
github.com/denkhaus/templ-router/pkg/router/middleware/router_context.go:89.2,89.15 1 0
github.com/denkhaus/templ-router/pkg/router/middleware/router_context.go:93.50,95.2 1 0
github.com/denkhaus/templ-router/pkg/router/middleware/router_context.go:98.52,100.2 1 0
github.com/denkhaus/templ-router/pkg/router/middleware/router_context.go:103.62,104.19 1 0
github.com/denkhaus/templ-router/pkg/router/middleware/router_context.go:104.19,106.3 1 0
github.com/denkhaus/templ-router/pkg/router/middleware/router_context.go:108.2,109.44 2 0
github.com/denkhaus/templ-router/pkg/router/middleware/router_context.go:109.44,110.39 1 0
github.com/denkhaus/templ-router/pkg/router/middleware/router_context.go:110.39,112.19 2 0
github.com/denkhaus/templ-router/pkg/router/middleware/router_context.go:112.19,114.5 1 0
github.com/denkhaus/templ-router/pkg/router/middleware/router_context.go:117.2,117.15 1 0
github.com/denkhaus/templ-router/pkg/router/middleware/router_middleware.go:18.87,26.2 3 1
github.com/denkhaus/templ-router/pkg/router/middleware/router_middleware.go:29.65,33.53 2 1
github.com/denkhaus/templ-router/pkg/router/middleware/router_middleware.go:33.53,36.3 2 1
github.com/denkhaus/templ-router/pkg/router/middleware/router_middleware.go:39.2,39.53 1 1
github.com/denkhaus/templ-router/pkg/router/middleware/router_middleware.go:39.53,42.3 2 1
github.com/denkhaus/templ-router/pkg/router/middleware/router_middleware.go:44.2,45.12 2 1
github.com/denkhaus/templ-router/pkg/router/middleware/template_middleware.go:39.91,61.2 10 0
github.com/denkhaus/templ-router/pkg/router/middleware/template_middleware.go:64.101,65.71 1 0
github.com/denkhaus/templ-router/pkg/router/middleware/template_middleware.go:65.71,80.24 7 0
github.com/denkhaus/templ-router/pkg/router/middleware/template_middleware.go:80.24,85.4 2 0
github.com/denkhaus/templ-router/pkg/router/middleware/template_middleware.go:89.3,104.17 6 0
github.com/denkhaus/templ-router/pkg/router/middleware/template_middleware.go:104.17,112.4 2 0
github.com/denkhaus/templ-router/pkg/router/middleware/template_middleware.go:115.3,118.24 2 0
github.com/denkhaus/templ-router/pkg/router/middleware/template_middleware.go:118.24,119.91 1 0
github.com/denkhaus/templ-router/pkg/router/middleware/template_middleware.go:119.91,125.5 2 0
github.com/denkhaus/templ-router/pkg/router/middleware/template_middleware.go:126.9,131.4 1 0
github.com/denkhaus/templ-router/pkg/router/middleware/template_middleware.go:134.3,134.23 1 0
github.com/denkhaus/templ-router/pkg/router/middleware/template_middleware.go:134.23,136.51 2 0
github.com/denkhaus/templ-router/pkg/router/middleware/template_middleware.go:136.51,141.5 2 0
github.com/denkhaus/templ-router/pkg/router/middleware/template_middleware.go:142.9,144.4 1 0
github.com/denkhaus/templ-router/pkg/router/middleware/template_middleware.go:149.93,161.2 8 0
github.com/denkhaus/templ-router/pkg/router/middleware/template_middleware.go:165.127,168.16 2 0
github.com/denkhaus/templ-router/pkg/router/middleware/template_middleware.go:168.16,173.3 2 0
github.com/denkhaus/templ-router/pkg/router/middleware/template_middleware.go:175.2,192.72 5 0
github.com/denkhaus/templ-router/pkg/router/middleware/template_middleware.go:192.72,195.3 2 0
github.com/denkhaus/templ-router/pkg/router/middleware/template_middleware.go:197.2,203.12 2 0
github.com/denkhaus/templ-router/pkg/router/middleware/template_middleware.go:207.111,210.2 1 0
github.com/denkhaus/templ-router/pkg/router/middleware/template_middleware.go:213.84,223.2 3 0
github.com/denkhaus/templ-router/pkg/router/middleware/template_middleware.go:227.170,245.18 7 0
github.com/denkhaus/templ-router/pkg/router/middleware/template_middleware.go:245.18,247.3 1 0
github.com/denkhaus/templ-router/pkg/router/middleware/template_middleware.go:249.2,259.41 2 0
github.com/denkhaus/templ-router/pkg/router/middleware/template_middleware.go:263.71,267.46 3 0
github.com/denkhaus/templ-router/pkg/router/middleware/template_middleware.go:267.46,270.3 2 0
github.com/denkhaus/templ-router/pkg/router/middleware/template_middleware.go:273.2,275.16 3 0
github.com/denkhaus/templ-router/pkg/router/middleware/template_middleware.go:275.16,280.3 2 0
github.com/denkhaus/templ-router/pkg/router/middleware/template_middleware.go:282.2,287.15 3 0
github.com/denkhaus/templ-router/pkg/router/middleware/template_middleware.go:291.117,292.53 1 0
github.com/denkhaus/templ-router/pkg/router/middleware/template_middleware.go:292.53,296.3 2 0
github.com/denkhaus/templ-router/pkg/router/middleware/template_middleware.go:299.2,301.16 3 0
github.com/denkhaus/templ-router/pkg/router/middleware/template_middleware.go:301.16,307.3 2 0
github.com/denkhaus/templ-router/pkg/router/middleware/template_middleware.go:309.2,315.15 2 0
github.com/denkhaus/templ-router/pkg/router/middleware/template_middleware.go:319.138,326.51 3 0
github.com/denkhaus/templ-router/pkg/router/middleware/template_middleware.go:326.51,328.51 1 0
github.com/denkhaus/templ-router/pkg/router/middleware/template_middleware.go:328.51,329.12 1 0
github.com/denkhaus/templ-router/pkg/router/middleware/template_middleware.go:333.3,334.17 2 0
github.com/denkhaus/templ-router/pkg/router/middleware/template_middleware.go:334.17,335.12 1 0
github.com/denkhaus/templ-router/pkg/router/middleware/template_middleware.go:339.3,339.72 1 0
github.com/denkhaus/templ-router/pkg/router/middleware/template_middleware.go:339.72,340.12 1 0
github.com/denkhaus/templ-router/pkg/router/middleware/template_middleware.go:344.3,346.17 3 0
github.com/denkhaus/templ-router/pkg/router/middleware/template_middleware.go:346.17,351.12 2 0
github.com/denkhaus/templ-router/pkg/router/middleware/template_middleware.go:354.3,354.55 1 0
github.com/denkhaus/templ-router/pkg/router/middleware/template_middleware.go:357.2,360.19 2 0
github.com/denkhaus/templ-router/pkg/router/middleware/template_middleware.go:364.70,390.2 8 0
github.com/denkhaus/templ-router/pkg/router/middleware/template_middleware.go:394.174,402.64 3 0
github.com/denkhaus/templ-router/pkg/router/middleware/template_middleware.go:402.64,404.3 1 0
github.com/denkhaus/templ-router/pkg/router/middleware/template_middleware.go:406.2,406.15 1 0
github.com/denkhaus/templ-router/pkg/router/middleware/template_middleware.go:411.178,417.42 3 0
github.com/denkhaus/templ-router/pkg/router/middleware/template_middleware.go:417.42,418.40 1 0
github.com/denkhaus/templ-router/pkg/router/middleware/template_middleware.go:418.40,420.4 1 0
github.com/denkhaus/templ-router/pkg/router/middleware/template_middleware.go:424.2,426.43 2 0
github.com/denkhaus/templ-router/pkg/router/middleware/template_middleware.go:426.43,427.40 1 0
github.com/denkhaus/templ-router/pkg/router/middleware/template_middleware.go:427.40,429.4 1 0
github.com/denkhaus/templ-router/pkg/router/middleware/template_middleware.go:433.2,433.52 1 0
github.com/denkhaus/templ-router/pkg/router/middleware/template_middleware.go:433.52,436.46 2 0
github.com/denkhaus/templ-router/pkg/router/middleware/template_middleware.go:436.46,437.41 1 0
github.com/denkhaus/templ-router/pkg/router/middleware/template_middleware.go:437.41,439.5 1 0
github.com/denkhaus/templ-router/pkg/router/middleware/template_middleware.go:443.2,443.15 1 0
github.com/denkhaus/templ-router/pkg/router/middleware/template_middleware.go:447.120,452.29 3 0
github.com/denkhaus/templ-router/pkg/router/middleware/template_middleware.go:452.29,453.79 1 0
github.com/denkhaus/templ-router/pkg/router/middleware/template_middleware.go:453.79,454.30 1 0
github.com/denkhaus/templ-router/pkg/router/middleware/template_middleware.go:454.30,458.5 1 0
github.com/denkhaus/templ-router/pkg/router/middleware/template_middleware.go:460.4,461.40 2 0
github.com/denkhaus/templ-router/pkg/router/middleware/template_middleware.go:466.2,467.25 2 0
github.com/denkhaus/templ-router/pkg/router/middleware/template_middleware.go:467.25,469.25 1 0
github.com/denkhaus/templ-router/pkg/router/middleware/template_middleware.go:469.25,474.4 1 0
github.com/denkhaus/templ-router/pkg/router/middleware/template_middleware.go:475.3,475.50 1 0
github.com/denkhaus/templ-router/pkg/router/middleware/template_middleware.go:475.50,476.47 1 0
github.com/denkhaus/templ-router/pkg/router/middleware/template_middleware.go:476.47,481.5 1 0
github.com/denkhaus/templ-router/pkg/router/middleware/template_middleware.go:482.4,482.41 1 0
github.com/denkhaus/templ-router/pkg/router/middleware/template_middleware.go:482.41,484.5 1 0
github.com/denkhaus/templ-router/pkg/router/middleware/template_middleware.go:489.2,490.25 2 0
github.com/denkhaus/templ-router/pkg/router/middleware/template_middleware.go:490.25,491.71 1 0
github.com/denkhaus/templ-router/pkg/router/middleware/template_middleware.go:491.71,492.26 1 0
github.com/denkhaus/templ-router/pkg/router/middleware/template_middleware.go:492.26,496.5 1 0
github.com/denkhaus/templ-router/pkg/router/middleware/template_middleware.go:498.4,498.60 1 0
github.com/denkhaus/templ-router/pkg/router/middleware/template_middleware.go:498.60,500.5 1 0
github.com/denkhaus/templ-router/pkg/router/middleware/template_middleware.go:501.4,501.71 1 0
github.com/denkhaus/templ-router/pkg/router/middleware/template_middleware.go:501.71,503.5 1 0
github.com/denkhaus/templ-router/pkg/router/middleware/template_middleware.go:504.4,504.60 1 0
github.com/denkhaus/templ-router/pkg/router/middleware/template_middleware.go:504.60,506.5 1 0
github.com/denkhaus/templ-router/pkg/router/middleware/template_middleware.go:508.4,508.44 1 0
github.com/denkhaus/templ-router/pkg/router/middleware/template_middleware.go:508.44,509.65 1 0
github.com/denkhaus/templ-router/pkg/router/middleware/template_middleware.go:509.65,511.6 1 0
github.com/denkhaus/templ-router/pkg/router/middleware/template_middleware.go:517.2,518.33 2 0
github.com/denkhaus/templ-router/pkg/router/middleware/template_middleware.go:518.33,519.25 1 0
github.com/denkhaus/templ-router/pkg/router/middleware/template_middleware.go:519.25,524.4 1 0
github.com/denkhaus/templ-router/pkg/router/middleware/template_middleware.go:525.3,525.48 1 0
github.com/denkhaus/templ-router/pkg/router/middleware/template_middleware.go:525.48,527.4 1 0
github.com/denkhaus/templ-router/pkg/router/middleware/template_middleware.go:531.2,532.26 2 0
github.com/denkhaus/templ-router/pkg/router/middleware/template_middleware.go:532.26,533.73 1 0
github.com/denkhaus/templ-router/pkg/router/middleware/template_middleware.go:533.73,534.27 1 0
github.com/denkhaus/templ-router/pkg/router/middleware/template_middleware.go:534.27,538.5 1 0
github.com/denkhaus/templ-router/pkg/router/middleware/template_middleware.go:539.4,539.65 1 0
github.com/denkhaus/templ-router/pkg/router/middleware/template_middleware.go:539.65,541.5 1 0
github.com/denkhaus/templ-router/pkg/router/middleware/template_middleware.go:543.4,543.45 1 0
github.com/denkhaus/templ-router/pkg/router/middleware/template_middleware.go:543.45,544.26 1 0
github.com/denkhaus/templ-router/pkg/router/middleware/template_middleware.go:544.26,546.6 1 0
github.com/denkhaus/templ-router/pkg/router/middleware/template_middleware.go:552.2,553.28 2 0
github.com/denkhaus/templ-router/pkg/router/middleware/template_middleware.go:553.28,554.77 1 0
github.com/denkhaus/templ-router/pkg/router/middleware/template_middleware.go:554.77,555.29 1 0
github.com/denkhaus/templ-router/pkg/router/middleware/template_middleware.go:555.29,560.5 1 0
github.com/denkhaus/templ-router/pkg/router/middleware/template_middleware.go:562.4,562.81 1 0
github.com/denkhaus/templ-router/pkg/router/middleware/template_middleware.go:562.81,563.47 1 0
github.com/denkhaus/templ-router/pkg/router/middleware/template_middleware.go:563.47,564.62 1 0
github.com/denkhaus/templ-router/pkg/router/middleware/template_middleware.go:564.62,569.55 2 0
github.com/denkhaus/templ-router/pkg/router/middleware/template_middleware.go:569.55,571.8 1 0
github.com/denkhaus/templ-router/pkg/router/middleware/template_middleware.go:572.7,572.57 1 0
github.com/denkhaus/templ-router/pkg/router/middleware/template_middleware.go:572.57,574.8 1 0
github.com/denkhaus/templ-router/pkg/router/middleware/template_middleware.go:575.7,575.57 1 0
github.com/denkhaus/templ-router/pkg/router/middleware/template_middleware.go:575.57,577.8 1 0
github.com/denkhaus/templ-router/pkg/router/middleware/template_middleware.go:578.7,578.53 1 0
github.com/denkhaus/templ-router/pkg/router/middleware/template_middleware.go:578.53,580.8 1 0
github.com/denkhaus/templ-router/pkg/router/middleware/template_middleware.go:582.7,582.39 1 0
github.com/denkhaus/templ-router/pkg/router/middleware/template_middleware.go:582.39,583.103 1 0
github.com/denkhaus/templ-router/pkg/router/middleware/template_middleware.go:583.103,585.9 1 0
github.com/denkhaus/templ-router/pkg/router/middleware/template_middleware.go:587.7,587.44 1 0
github.com/denkhaus/templ-router/pkg/router/middleware/template_middleware.go:592.4,592.47 1 0
github.com/denkhaus/templ-router/pkg/router/middleware/template_middleware.go:592.47,593.23 1 0
github.com/denkhaus/templ-router/pkg/router/middleware/template_middleware.go:593.23,595.6 1 0
github.com/denkhaus/templ-router/pkg/router/middleware/template_middleware.go:600.2,606.15 2 0
github.com/denkhaus/templ-router/pkg/router/middleware/template_middleware.go:610.91,617.30 2 0
github.com/denkhaus/templ-router/pkg/router/middleware/template_middleware.go:617.30,624.42 2 0
github.com/denkhaus/templ-router/pkg/router/middleware/template_middleware.go:624.42,627.4 2 0
github.com/denkhaus/templ-router/pkg/router/middleware/template_middleware.go:628.3,628.38 1 0
github.com/denkhaus/templ-router/pkg/router/middleware/template_middleware.go:628.38,630.53 2 0
github.com/denkhaus/templ-router/pkg/router/middleware/template_middleware.go:630.53,632.5 1 0
github.com/denkhaus/templ-router/pkg/router/middleware/template_middleware.go:637.2,637.26 1 0
github.com/denkhaus/templ-router/pkg/router/middleware/template_middleware.go:637.26,642.54 2 0
github.com/denkhaus/templ-router/pkg/router/middleware/template_middleware.go:642.54,644.4 1 0
github.com/denkhaus/templ-router/pkg/router/middleware/template_middleware.go:645.3,645.64 1 0
github.com/denkhaus/templ-router/pkg/router/middleware/template_middleware.go:645.64,650.54 2 0
github.com/denkhaus/templ-router/pkg/router/middleware/template_middleware.go:650.54,652.5 1 0
github.com/denkhaus/templ-router/pkg/router/middleware/template_middleware.go:657.2,657.26 1 0
github.com/denkhaus/templ-router/pkg/router/middleware/template_middleware.go:657.26,663.35 2 0
github.com/denkhaus/templ-router/pkg/router/middleware/template_middleware.go:663.35,666.4 2 0
github.com/denkhaus/templ-router/pkg/router/middleware/template_middleware.go:667.3,667.50 1 0
github.com/denkhaus/templ-router/pkg/router/middleware/template_middleware.go:667.50,669.4 1 0
github.com/denkhaus/templ-router/pkg/router/middleware/template_middleware.go:673.2,673.28 1 0
github.com/denkhaus/templ-router/pkg/router/middleware/template_middleware.go:673.28,678.52 2 0
github.com/denkhaus/templ-router/pkg/router/middleware/template_middleware.go:678.52,680.4 1 0
github.com/denkhaus/templ-router/pkg/router/middleware/template_middleware.go:684.2,684.27 1 0
github.com/denkhaus/templ-router/pkg/router/middleware/template_middleware.go:684.27,689.51 2 0
github.com/denkhaus/templ-router/pkg/router/middleware/template_middleware.go:689.51,691.4 1 0
github.com/denkhaus/templ-router/pkg/router/middleware/template_middleware.go:695.2,695.29 1 0
github.com/denkhaus/templ-router/pkg/router/middleware/template_middleware.go:695.29,700.54 2 0
github.com/denkhaus/templ-router/pkg/router/middleware/template_middleware.go:700.54,709.42 2 0
github.com/denkhaus/templ-router/pkg/router/middleware/template_middleware.go:709.42,711.5 1 0
github.com/denkhaus/templ-router/pkg/router/middleware/template_middleware.go:713.3,713.53 1 0
github.com/denkhaus/templ-router/pkg/router/middleware/template_middleware.go:713.53,715.4 1 0
github.com/denkhaus/templ-router/pkg/router/middleware/template_middleware.go:718.2,718.14 1 0
github.com/denkhaus/templ-router/pkg/router/middleware/template_middleware.go:724.98,725.45 1 0
github.com/denkhaus/templ-router/pkg/router/middleware/template_middleware.go:725.45,727.3 1 0
github.com/denkhaus/templ-router/pkg/router/middleware/template_middleware.go:729.2,732.33 2 0
github.com/denkhaus/templ-router/pkg/router/middleware/template_middleware.go:732.33,734.3 1 0
github.com/denkhaus/templ-router/pkg/router/middleware/template_middleware.go:735.2,735.39 1 0
github.com/denkhaus/templ-router/pkg/router/middleware/template_middleware.go:735.39,737.3 1 0
github.com/denkhaus/templ-router/pkg/router/middleware/template_middleware.go:738.2,738.39 1 0
github.com/denkhaus/templ-router/pkg/router/middleware/template_middleware.go:738.39,740.3 1 0
github.com/denkhaus/templ-router/pkg/router/middleware/template_middleware.go:741.2,741.34 1 0
github.com/denkhaus/templ-router/pkg/router/middleware/template_middleware.go:741.34,743.3 1 0
github.com/denkhaus/templ-router/pkg/router/middleware/template_middleware.go:744.2,744.35 1 0
github.com/denkhaus/templ-router/pkg/router/middleware/template_middleware.go:744.35,746.3 1 0
github.com/denkhaus/templ-router/pkg/router/middleware/template_middleware.go:749.2,749.49 1 0
github.com/denkhaus/templ-router/pkg/router/middleware/template_middleware.go:749.49,751.3 1 0
github.com/denkhaus/templ-router/pkg/router/middleware/template_middleware.go:753.2,753.15 1 0
github.com/denkhaus/templ-router/pkg/router/middleware/template_middleware.go:758.71,763.13 3 0
github.com/denkhaus/templ-router/pkg/router/middleware/template_middleware.go:763.13,765.3 1 0
github.com/denkhaus/templ-router/pkg/router/middleware/template_middleware.go:768.2,768.87 1 0
github.com/denkhaus/templ-router/pkg/router/middleware/template_middleware.go:768.87,770.3 1 0
github.com/denkhaus/templ-router/pkg/router/middleware/template_middleware.go:772.2,772.14 1 0
github.com/denkhaus/templ-router/pkg/router/middleware/template_middleware.go:776.94,778.37 1 0
github.com/denkhaus/templ-router/pkg/router/middleware/template_middleware.go:778.37,782.3 2 0
github.com/denkhaus/templ-router/pkg/router/middleware/template_middleware.go:785.2,785.25 1 0
github.com/denkhaus/templ-router/pkg/router/middleware/template_middleware.go:785.25,789.3 2 0
github.com/denkhaus/templ-router/pkg/router/middleware/template_middleware.go:791.2,791.14 1 0
github.com/denkhaus/templ-router/pkg/router/middleware/template_middleware.go:795.67,798.2 1 0
github.com/denkhaus/templ-router/pkg/di/container.go:26.32,31.2 2 1
github.com/denkhaus/templ-router/pkg/di/container.go:34.47,36.2 1 1
github.com/denkhaus/templ-router/pkg/di/container.go:40.79,42.33 1 1
github.com/denkhaus/templ-router/pkg/di/container.go:42.33,44.3 1 1
github.com/denkhaus/templ-router/pkg/di/container.go:48.99,105.2 27 1
github.com/denkhaus/templ-router/pkg/di/container.go:108.55,110.2 1 1
github.com/denkhaus/templ-router/pkg/di/container.go:113.66,115.2 1 0
github.com/denkhaus/templ-router/pkg/di/container.go:118.45,120.2 1 1
github.com/denkhaus/templ-router/pkg/di/container.go:123.65,125.2 1 0
github.com/denkhaus/templ-router/pkg/di/container.go:128.38,130.2 1 1
github.com/denkhaus/templ-router/pkg/di/options.go:14.83,15.28 1 1
github.com/denkhaus/templ-router/pkg/di/options.go:15.28,17.3 1 1
github.com/denkhaus/templ-router/pkg/di/options.go:21.82,22.28 1 1
github.com/denkhaus/templ-router/pkg/di/options.go:22.28,24.3 1 1
github.com/denkhaus/templ-router/pkg/di/options.go:28.70,29.28 1 1
github.com/denkhaus/templ-router/pkg/di/options.go:29.28,31.3 1 1
github.com/denkhaus/templ-router/pkg/di/options.go:35.79,36.28 1 0
github.com/denkhaus/templ-router/pkg/di/options.go:36.28,38.3 1 0
github.com/denkhaus/templ-router/pkg/di/options.go:42.79,43.28 1 1
github.com/denkhaus/templ-router/pkg/di/options.go:43.28,45.3 1 1
github.com/denkhaus/templ-router/pkg/di/options.go:49.108,50.28 1 0
github.com/denkhaus/templ-router/pkg/di/options.go:50.28,52.3 1 0
github.com/denkhaus/templ-router/pkg/di/options.go:56.116,57.28 1 1
github.com/denkhaus/templ-router/pkg/di/options.go:57.28,60.98 2 1
github.com/denkhaus/templ-router/pkg/di/options.go:60.98,62.4 1 1
github.com/denkhaus/templ-router/pkg/di/options.go:65.3,75.47 3 1
github.com/denkhaus/templ-router/pkg/di/options.go:80.70,81.28 1 0
github.com/denkhaus/templ-router/pkg/di/options.go:81.28,85.20 2 0
github.com/denkhaus/templ-router/pkg/di/options.go:85.20,87.4 1 0
github.com/denkhaus/templ-router/pkg/di/options.go:87.9,89.4 1 0
github.com/denkhaus/templ-router/pkg/di/options.go:90.3,90.39 1 0
github.com/denkhaus/templ-router/pkg/di/options.go:96.87,97.28 1 0
github.com/denkhaus/templ-router/pkg/di/options.go:97.28,104.3 2 0
github.com/denkhaus/templ-router/pkg/di/options.go:109.110,110.28 1 0
github.com/denkhaus/templ-router/pkg/di/options.go:110.28,116.3 2 0
github.com/denkhaus/templ-router/pkg/router/auth_types.go:23.36,25.2 1 0
github.com/denkhaus/templ-router/pkg/router/auth_types.go:28.35,29.12 1 0
github.com/denkhaus/templ-router/pkg/router/auth_types.go:30.67,31.14 1 0
github.com/denkhaus/templ-router/pkg/router/auth_types.go:32.10,33.15 1 0
github.com/denkhaus/templ-router/pkg/router/auth_types.go:38.50,40.2 1 0
github.com/denkhaus/templ-router/pkg/router/auth_types.go:43.41,45.2 1 0
github.com/denkhaus/templ-router/pkg/router/auth_types.go:48.48,53.24 3 0
github.com/denkhaus/templ-router/pkg/router/auth_types.go:53.24,55.3 1 0
github.com/denkhaus/templ-router/pkg/router/auth_types.go:58.2,58.13 1 0
github.com/denkhaus/templ-router/pkg/router/auth_types.go:58.13,60.3 1 0
github.com/denkhaus/templ-router/pkg/router/auth_types.go:62.2,62.105 1 0
github.com/denkhaus/templ-router/pkg/router/bootstrap.go:40.73,53.61 5 0
github.com/denkhaus/templ-router/pkg/router/bootstrap.go:53.61,55.3 1 0
github.com/denkhaus/templ-router/pkg/router/bootstrap.go:57.2,63.8 1 0
github.com/denkhaus/templ-router/pkg/router/bootstrap.go:67.67,71.2 1 0
github.com/denkhaus/templ-router/pkg/router/bootstrap.go:74.58,76.51 1 0
github.com/denkhaus/templ-router/pkg/router/bootstrap.go:76.51,78.3 1 0
github.com/denkhaus/templ-router/pkg/router/bootstrap.go:81.2,84.52 2 0
github.com/denkhaus/templ-router/pkg/router/bootstrap.go:84.52,86.3 1 0
github.com/denkhaus/templ-router/pkg/router/bootstrap.go:89.2,89.54 1 0
github.com/denkhaus/templ-router/pkg/router/bootstrap.go:89.54,91.3 1 0
github.com/denkhaus/templ-router/pkg/router/bootstrap.go:94.2,94.53 1 0
github.com/denkhaus/templ-router/pkg/router/bootstrap.go:94.53,96.3 1 0
github.com/denkhaus/templ-router/pkg/router/bootstrap.go:99.2,99.34 1 0
github.com/denkhaus/templ-router/pkg/router/bootstrap.go:99.34,101.3 1 0
github.com/denkhaus/templ-router/pkg/router/bootstrap.go:104.2,104.58 1 0
github.com/denkhaus/templ-router/pkg/router/bootstrap.go:104.58,106.3 1 0
github.com/denkhaus/templ-router/pkg/router/bootstrap.go:109.2,109.43 1 0
github.com/denkhaus/templ-router/pkg/router/bootstrap.go:109.43,110.52 1 0
github.com/denkhaus/templ-router/pkg/router/bootstrap.go:110.52,112.4 1 0
github.com/denkhaus/templ-router/pkg/router/bootstrap.go:116.2,118.17 2 0
github.com/denkhaus/templ-router/pkg/router/bootstrap.go:122.68,124.54 1 0
github.com/denkhaus/templ-router/pkg/router/bootstrap.go:124.54,126.3 1 0
github.com/denkhaus/templ-router/pkg/router/bootstrap.go:129.2,129.52 1 0
github.com/denkhaus/templ-router/pkg/router/bootstrap.go:129.52,131.3 1 0
github.com/denkhaus/templ-router/pkg/router/bootstrap.go:136.2,136.12 1 0
github.com/denkhaus/templ-router/pkg/router/bootstrap.go:140.70,145.112 2 0
github.com/denkhaus/templ-router/pkg/router/bootstrap.go:145.112,150.3 2 0
github.com/denkhaus/templ-router/pkg/router/bootstrap.go:153.2,153.46 1 0
github.com/denkhaus/templ-router/pkg/router/bootstrap.go:153.46,156.3 2 0
github.com/denkhaus/templ-router/pkg/router/bootstrap.go:158.2,158.46 1 0
github.com/denkhaus/templ-router/pkg/router/bootstrap.go:158.46,161.3 2 0
github.com/denkhaus/templ-router/pkg/router/bootstrap.go:163.2,163.49 1 0
github.com/denkhaus/templ-router/pkg/router/bootstrap.go:163.49,166.3 1 0
github.com/denkhaus/templ-router/pkg/router/bootstrap.go:168.2,168.12 1 0
github.com/denkhaus/templ-router/pkg/router/bootstrap.go:172.68,174.16 2 0
github.com/denkhaus/templ-router/pkg/router/bootstrap.go:174.16,176.3 1 0
github.com/denkhaus/templ-router/pkg/router/bootstrap.go:178.2,180.12 3 0
github.com/denkhaus/templ-router/pkg/router/bootstrap.go:184.69,185.48 1 0
github.com/denkhaus/templ-router/pkg/router/bootstrap.go:185.48,190.21 4 0
github.com/denkhaus/templ-router/pkg/router/bootstrap.go:190.21,192.12 2 0
github.com/denkhaus/templ-router/pkg/router/bootstrap.go:195.3,195.17 1 0
github.com/denkhaus/templ-router/pkg/router/bootstrap.go:196.14,197.26 1 0
github.com/denkhaus/templ-router/pkg/router/bootstrap.go:198.15,199.27 1 0
github.com/denkhaus/templ-router/pkg/router/bootstrap.go:200.14,201.26 1 0
github.com/denkhaus/templ-router/pkg/router/bootstrap.go:202.17,203.29 1 0
github.com/denkhaus/templ-router/pkg/router/bootstrap.go:204.16,205.28 1 0
github.com/denkhaus/templ-router/pkg/router/bootstrap.go:206.11,207.60 1 0
github.com/denkhaus/templ-router/pkg/router/bootstrap.go:209.3,211.29 1 0
github.com/denkhaus/templ-router/pkg/router/bootstrap.go:213.2,213.12 1 0
github.com/denkhaus/templ-router/pkg/router/bootstrap.go:217.62,218.90 1 0
github.com/denkhaus/templ-router/pkg/router/bootstrap.go:218.90,228.3 2 0
github.com/denkhaus/templ-router/pkg/router/bootstrap.go:229.2,229.91 1 0
github.com/denkhaus/templ-router/pkg/router/bootstrap.go:233.67,235.82 2 0
github.com/denkhaus/templ-router/pkg/router/bootstrap.go:235.82,236.17 1 0
github.com/denkhaus/templ-router/pkg/router/bootstrap.go:237.15,238.27 1 0
github.com/denkhaus/templ-router/pkg/router/bootstrap.go:239.14,240.26 1 0
github.com/denkhaus/templ-router/pkg/router/bootstrap.go:242.3,244.29 1 0
github.com/denkhaus/templ-router/pkg/router/bootstrap.go:246.2,246.12 1 0
github.com/denkhaus/templ-router/pkg/router/bootstrap.go:250.70,253.16 2 0
github.com/denkhaus/templ-router/pkg/router/bootstrap.go:253.16,257.3 2 0
github.com/denkhaus/templ-router/pkg/router/bootstrap.go:259.2,259.30 1 0
github.com/denkhaus/templ-router/pkg/router/bootstrap.go:259.30,262.3 2 0
github.com/denkhaus/templ-router/pkg/router/bootstrap.go:265.2,265.49 1 0
github.com/denkhaus/templ-router/pkg/router/bootstrap.go:265.49,267.3 1 0
github.com/denkhaus/templ-router/pkg/router/bootstrap.go:270.2,270.47 1 0
github.com/denkhaus/templ-router/pkg/router/bootstrap.go:270.47,275.3 2 0
github.com/denkhaus/templ-router/pkg/router/bootstrap.go:277.2,277.12 1 0
github.com/denkhaus/templ-router/pkg/router/bootstrap.go:281.65,282.37 1 0
github.com/denkhaus/templ-router/pkg/router/bootstrap.go:282.37,283.86 1 0
github.com/denkhaus/templ-router/pkg/router/bootstrap.go:283.86,285.4 1 0
github.com/denkhaus/templ-router/pkg/router/bootstrap.go:286.3,286.103 1 0
github.com/denkhaus/templ-router/pkg/router/bootstrap.go:286.103,288.4 1 0
github.com/denkhaus/templ-router/pkg/router/bootstrap.go:293.66,295.2 1 0
github.com/denkhaus/templ-router/pkg/router/bootstrap.go:298.52,300.2 1 0
github.com/denkhaus/templ-router/pkg/router/clean_router_core.go:42.66,54.16 9 1
github.com/denkhaus/templ-router/pkg/router/clean_router_core.go:54.16,56.3 1 0
github.com/denkhaus/templ-router/pkg/router/clean_router_core.go:58.2,59.16 2 1
github.com/denkhaus/templ-router/pkg/router/clean_router_core.go:59.16,61.3 1 0
github.com/denkhaus/templ-router/pkg/router/clean_router_core.go:64.2,64.66 1 1
github.com/denkhaus/templ-router/pkg/router/clean_router_core.go:64.66,66.3 1 0
github.com/denkhaus/templ-router/pkg/router/clean_router_core.go:68.2,80.8 1 1
github.com/denkhaus/templ-router/pkg/router/clean_router_core.go:84.43,89.16 3 1
github.com/denkhaus/templ-router/pkg/router/clean_router_core.go:89.16,91.3 1 0
github.com/denkhaus/templ-router/pkg/router/clean_router_core.go:92.2,95.66 2 1
github.com/denkhaus/templ-router/pkg/router/clean_router_core.go:95.66,98.3 1 0
github.com/denkhaus/templ-router/pkg/router/clean_router_core.go:101.2,102.16 2 1
github.com/denkhaus/templ-router/pkg/router/clean_router_core.go:102.16,104.3 1 0
github.com/denkhaus/templ-router/pkg/router/clean_router_core.go:105.2,109.16 3 1
github.com/denkhaus/templ-router/pkg/router/clean_router_core.go:109.16,111.3 1 0
github.com/denkhaus/templ-router/pkg/router/clean_router_core.go:112.2,119.12 3 1
github.com/denkhaus/templ-router/pkg/router/clean_router_core.go:123.65,131.16 3 1
github.com/denkhaus/templ-router/pkg/router/clean_router_core.go:131.16,133.3 1 0
github.com/denkhaus/templ-router/pkg/router/clean_router_core.go:134.2,140.75 3 1
github.com/denkhaus/templ-router/pkg/router/clean_router_core.go:140.75,142.3 1 0
github.com/denkhaus/templ-router/pkg/router/clean_router_core.go:145.2,149.86 2 1
github.com/denkhaus/templ-router/pkg/router/clean_router_core.go:149.86,150.17 1 1
github.com/denkhaus/templ-router/pkg/router/clean_router_core.go:151.14,152.32 1 1
github.com/denkhaus/templ-router/pkg/router/clean_router_core.go:153.15,154.33 1 1
github.com/denkhaus/templ-router/pkg/router/clean_router_core.go:155.14,156.32 1 0
github.com/denkhaus/templ-router/pkg/router/clean_router_core.go:157.17,158.35 1 0
github.com/denkhaus/templ-router/pkg/router/clean_router_core.go:159.16,160.34 1 0
github.com/denkhaus/templ-router/pkg/router/clean_router_core.go:161.11,164.30 1 0
github.com/denkhaus/templ-router/pkg/router/clean_router_core.go:169.2,175.12 4 1
github.com/denkhaus/templ-router/pkg/router/clean_router_core.go:179.95,182.31 2 1
github.com/denkhaus/templ-router/pkg/router/clean_router_core.go:182.31,190.3 1 1
github.com/denkhaus/templ-router/pkg/router/clean_router_core.go:192.2,192.24 1 1
github.com/denkhaus/templ-router/pkg/router/clean_router_core.go:196.55,198.2 1 1
github.com/denkhaus/templ-router/pkg/router/clean_router_core.go:201.73,203.2 1 1
github.com/denkhaus/templ-router/pkg/router/clean_router_core.go:206.71,208.2 1 1
github.com/denkhaus/templ-router/pkg/router/clean_router_core.go:211.72,213.2 1 1
github.com/denkhaus/templ-router/pkg/router/clean_router_core.go:216.70,218.2 1 1
github.com/denkhaus/templ-router/pkg/router/clean_router_core.go:221.70,223.2 1 1
github.com/denkhaus/templ-router/pkg/router/clean_router_core.go:226.68,231.35 3 1
github.com/denkhaus/templ-router/pkg/router/clean_router_core.go:231.35,232.31 1 1
github.com/denkhaus/templ-router/pkg/router/clean_router_core.go:232.31,234.4 1 1
github.com/denkhaus/templ-router/pkg/router/clean_router_core.go:238.2,241.76 2 1
github.com/denkhaus/templ-router/pkg/router/clean_router_core.go:241.76,243.3 1 0
github.com/denkhaus/templ-router/pkg/router/clean_router_core.go:245.2,248.12 2 1
github.com/denkhaus/templ-router/pkg/router/discovery.go:12.106,13.20 1 0
github.com/denkhaus/templ-router/pkg/router/discovery.go:13.20,15.3 1 0
github.com/denkhaus/templ-router/pkg/router/discovery.go:17.2,20.91 3 0
github.com/denkhaus/templ-router/pkg/router/discovery.go:20.91,21.17 1 0
github.com/denkhaus/templ-router/pkg/router/discovery.go:21.17,23.4 1 0
github.com/denkhaus/templ-router/pkg/router/discovery.go:25.3,25.12 1 0
github.com/denkhaus/templ-router/pkg/router/discovery.go:25.12,27.4 1 0
github.com/denkhaus/templ-router/pkg/router/discovery.go:29.3,30.14 2 0
github.com/denkhaus/templ-router/pkg/router/discovery.go:31.17,32.41 1 0
github.com/denkhaus/templ-router/pkg/router/discovery.go:33.24,36.87 1 0
github.com/denkhaus/templ-router/pkg/router/discovery.go:36.87,40.40 2 0
github.com/denkhaus/templ-router/pkg/router/discovery.go:40.40,42.6 1 0
github.com/denkhaus/templ-router/pkg/router/discovery.go:43.10,46.5 1 0
github.com/denkhaus/templ-router/pkg/router/discovery.go:49.3,49.13 1 0
github.com/denkhaus/templ-router/pkg/router/discovery.go:52.2,52.16 1 0
github.com/denkhaus/templ-router/pkg/router/discovery.go:52.16,54.3 1 0
github.com/denkhaus/templ-router/pkg/router/discovery.go:56.2,56.35 1 0
github.com/denkhaus/templ-router/pkg/router/dynamic.go:41.90,43.2 1 0
github.com/denkhaus/templ-router/pkg/router/dynamic.go:46.139,52.29 3 0
github.com/denkhaus/templ-router/pkg/router/dynamic.go:52.29,53.52 1 0
github.com/denkhaus/templ-router/pkg/router/dynamic.go:53.52,65.62 4 0
github.com/denkhaus/templ-router/pkg/router/dynamic.go:65.62,66.71 1 0
github.com/denkhaus/templ-router/pkg/router/dynamic.go:66.71,70.32 3 0
github.com/denkhaus/templ-router/pkg/router/dynamic.go:70.32,71.66 1 0
github.com/denkhaus/templ-router/pkg/router/dynamic.go:71.66,73.8 1 0
github.com/denkhaus/templ-router/pkg/router/dynamic.go:74.7,74.75 1 0
github.com/denkhaus/templ-router/pkg/router/dynamic.go:74.75,76.8 1 0
github.com/denkhaus/templ-router/pkg/router/dynamic.go:82.4,82.37 1 0
github.com/denkhaus/templ-router/pkg/router/dynamic.go:82.37,88.13 3 0
github.com/denkhaus/templ-router/pkg/router/dynamic.go:91.4,91.40 1 0
github.com/denkhaus/templ-router/pkg/router/dynamic.go:95.2,95.17 1 0
github.com/denkhaus/templ-router/pkg/router/dynamic.go:99.44,101.2 1 0
github.com/denkhaus/templ-router/pkg/router/dynamic.go:104.78,106.32 1 0
github.com/denkhaus/templ-router/pkg/router/dynamic.go:106.32,107.52 1 0
github.com/denkhaus/templ-router/pkg/router/dynamic.go:107.52,108.31 1 0
github.com/denkhaus/templ-router/pkg/router/dynamic.go:108.31,110.5 1 0
github.com/denkhaus/templ-router/pkg/router/dynamic.go:112.3,112.15 1 0
github.com/denkhaus/templ-router/pkg/router/dynamic.go:116.2,116.29 1 0
github.com/denkhaus/templ-router/pkg/router/dynamic.go:116.29,118.3 1 0
github.com/denkhaus/templ-router/pkg/router/dynamic.go:120.2,121.30 2 0
github.com/denkhaus/templ-router/pkg/router/dynamic.go:125.119,126.19 1 0
github.com/denkhaus/templ-router/pkg/router/dynamic.go:126.19,128.3 1 0
github.com/denkhaus/templ-router/pkg/router/dynamic.go:131.2,132.28 2 0
github.com/denkhaus/templ-router/pkg/router/dynamic.go:132.28,133.71 1 0
github.com/denkhaus/templ-router/pkg/router/dynamic.go:133.71,135.4 1 0
github.com/denkhaus/templ-router/pkg/router/dynamic.go:139.2,139.30 1 0
github.com/denkhaus/templ-router/pkg/router/dynamic.go:139.30,140.50 1 0
github.com/denkhaus/templ-router/pkg/router/dynamic.go:140.50,141.31 1 0
github.com/denkhaus/templ-router/pkg/router/dynamic.go:141.31,143.5 1 0
github.com/denkhaus/templ-router/pkg/router/dynamic.go:145.3,145.123 1 0
github.com/denkhaus/templ-router/pkg/router/dynamic.go:149.2,149.26 1 0
github.com/denkhaus/templ-router/pkg/router/dynamic.go:149.26,151.17 2 0
github.com/denkhaus/templ-router/pkg/router/dynamic.go:151.17,153.4 1 0
github.com/denkhaus/templ-router/pkg/router/dynamic.go:154.3,154.15 1 0
github.com/denkhaus/templ-router/pkg/router/dynamic.go:154.15,156.4 1 0
github.com/denkhaus/templ-router/pkg/router/dynamic.go:159.2,159.17 1 0
github.com/denkhaus/templ-router/pkg/router/handler_builder.go:22.74,32.2 4 1
github.com/denkhaus/templ-router/pkg/router/handler_builder.go:35.77,43.16 3 1
github.com/denkhaus/templ-router/pkg/router/handler_builder.go:43.16,50.3 2 0
github.com/denkhaus/templ-router/pkg/router/handler_builder.go:53.2,54.16 2 1
github.com/denkhaus/templ-router/pkg/router/handler_builder.go:54.16,61.3 2 0
github.com/denkhaus/templ-router/pkg/router/handler_builder.go:64.2,74.19 3 1
github.com/denkhaus/templ-router/pkg/router/handler_builder.go:74.19,78.3 1 1
github.com/denkhaus/templ-router/pkg/router/handler_builder.go:80.2,86.16 3 1
github.com/denkhaus/templ-router/pkg/router/handler_builder.go:90.95,97.21 2 1
github.com/denkhaus/templ-router/pkg/router/handler_builder.go:97.21,105.3 2 1
github.com/denkhaus/templ-router/pkg/router/handler_builder.go:107.2,107.15 1 1
github.com/denkhaus/templ-router/pkg/router/handler_builder.go:114.72,124.2 5 0
github.com/denkhaus/templ-router/pkg/router/handler_builder.go:127.94,128.54 1 0
github.com/denkhaus/templ-router/pkg/router/handler_builder.go:128.54,141.3 4 0
github.com/denkhaus/templ-router/pkg/router/layout.go:11.121,22.45 5 0
github.com/denkhaus/templ-router/pkg/router/layout.go:22.45,26.42 2 0
github.com/denkhaus/templ-router/pkg/router/layout.go:26.42,27.37 1 0
github.com/denkhaus/templ-router/pkg/router/layout.go:27.37,29.10 2 0
github.com/denkhaus/templ-router/pkg/router/layout.go:34.3,35.10 2 0
github.com/denkhaus/templ-router/pkg/router/layout.go:39.2,41.44 3 0
github.com/denkhaus/templ-router/pkg/router/layout.go:41.44,42.23 1 0
github.com/denkhaus/templ-router/pkg/router/layout.go:42.23,46.4 3 0
github.com/denkhaus/templ-router/pkg/router/layout.go:49.2,49.22 1 0
github.com/denkhaus/templ-router/pkg/router/layout.go:53.120,63.45 5 0
github.com/denkhaus/templ-router/pkg/router/layout.go:63.45,67.42 2 0
github.com/denkhaus/templ-router/pkg/router/layout.go:67.42,68.37 1 0
github.com/denkhaus/templ-router/pkg/router/layout.go:68.37,72.10 3 0
github.com/denkhaus/templ-router/pkg/router/layout.go:77.3,78.10 2 0
github.com/denkhaus/templ-router/pkg/router/layout.go:81.2,81.18 1 0
github.com/denkhaus/templ-router/pkg/router/layout.go:85.88,89.37 2 0
github.com/denkhaus/templ-router/pkg/router/layout.go:89.37,90.32 1 0
github.com/denkhaus/templ-router/pkg/router/layout.go:90.32,104.4 4 0
github.com/denkhaus/templ-router/pkg/router/layout.go:107.2,107.24 1 0
github.com/denkhaus/templ-router/pkg/router/locale.go:8.72,10.18 1 0
github.com/denkhaus/templ-router/pkg/router/locale.go:10.18,12.3 1 0
github.com/denkhaus/templ-router/pkg/router/locale.go:16.2,16.45 1 0
github.com/denkhaus/templ-router/pkg/router/locale.go:16.45,19.3 1 0
github.com/denkhaus/templ-router/pkg/router/locale.go:22.2,22.22 1 0
github.com/denkhaus/templ-router/pkg/router/locale.go:22.22,24.3 1 0
github.com/denkhaus/templ-router/pkg/router/locale.go:26.2,26.33 1 0
github.com/denkhaus/templ-router/pkg/router/locale.go:30.70,34.18 1 0
github.com/denkhaus/templ-router/pkg/router/locale.go:34.18,36.3 1 0
github.com/denkhaus/templ-router/pkg/router/locale.go:39.2,39.44 1 0
github.com/denkhaus/templ-router/pkg/router/locale.go:39.44,42.3 1 0
github.com/denkhaus/templ-router/pkg/router/locale.go:45.2,45.17 1 0
github.com/denkhaus/templ-router/pkg/router/middleware_setup.go:31.76,59.2 11 1
github.com/denkhaus/templ-router/pkg/router/middleware_setup.go:62.68,64.2 1 0
github.com/denkhaus/templ-router/pkg/router/middleware_setup.go:67.68,69.2 1 0
github.com/denkhaus/templ-router/pkg/router/middleware_setup.go:72.76,74.2 1 0
github.com/denkhaus/templ-router/pkg/router/middleware_setup.go:77.72,79.2 1 0
github.com/denkhaus/templ-router/pkg/router/middleware_setup.go:82.70,84.2 1 0
github.com/denkhaus/templ-router/pkg/router/middleware_setup.go:87.83,89.2 1 0
github.com/denkhaus/templ-router/pkg/router/middleware_setup.go:92.83,94.2 1 0
github.com/denkhaus/templ-router/pkg/router/middleware_setup.go:97.91,99.2 1 0
github.com/denkhaus/templ-router/pkg/router/middleware_setup.go:102.87,104.2 1 0
github.com/denkhaus/templ-router/pkg/router/middleware_setup.go:107.117,118.25 4 0
github.com/denkhaus/templ-router/pkg/router/middleware_setup.go:118.25,122.3 2 0
github.com/denkhaus/templ-router/pkg/router/middleware_setup.go:127.2,133.24 3 0
github.com/denkhaus/templ-router/pkg/router/middleware_setup.go:137.60,141.27 2 1
github.com/denkhaus/templ-router/pkg/router/middleware_setup.go:141.27,144.3 2 0
github.com/denkhaus/templ-router/pkg/router/middleware_setup.go:146.2,146.27 1 1
github.com/denkhaus/templ-router/pkg/router/middleware_setup.go:146.27,149.3 2 0
github.com/denkhaus/templ-router/pkg/router/middleware_setup.go:151.2,151.31 1 1
github.com/denkhaus/templ-router/pkg/router/middleware_setup.go:151.31,154.3 2 0
github.com/denkhaus/templ-router/pkg/router/middleware_setup.go:156.2,156.29 1 1
github.com/denkhaus/templ-router/pkg/router/middleware_setup.go:156.29,159.3 2 0
github.com/denkhaus/templ-router/pkg/router/middleware_setup.go:161.2,161.28 1 1
github.com/denkhaus/templ-router/pkg/router/middleware_setup.go:161.28,164.3 2 0
github.com/denkhaus/templ-router/pkg/router/middleware_setup.go:167.2,167.30 1 1
github.com/denkhaus/templ-router/pkg/router/middleware_setup.go:167.30,170.3 2 0
github.com/denkhaus/templ-router/pkg/router/middleware_setup.go:172.2,172.30 1 1
github.com/denkhaus/templ-router/pkg/router/middleware_setup.go:172.30,175.3 2 0
github.com/denkhaus/templ-router/pkg/router/middleware_setup.go:177.2,177.34 1 1
github.com/denkhaus/templ-router/pkg/router/middleware_setup.go:177.34,180.3 2 0
github.com/denkhaus/templ-router/pkg/router/middleware_setup.go:182.2,182.32 1 1
github.com/denkhaus/templ-router/pkg/router/middleware_setup.go:182.32,185.3 2 0
github.com/denkhaus/templ-router/pkg/router/middleware_setup.go:187.2,188.12 2 1
github.com/denkhaus/templ-router/pkg/router/route_registrar.go:25.91,27.16 2 1
github.com/denkhaus/templ-router/pkg/router/route_registrar.go:27.16,29.3 1 0
github.com/denkhaus/templ-router/pkg/router/route_registrar.go:31.2,32.16 2 1
github.com/denkhaus/templ-router/pkg/router/route_registrar.go:32.16,34.3 1 0
github.com/denkhaus/templ-router/pkg/router/route_registrar.go:36.2,47.8 4 1
github.com/denkhaus/templ-router/pkg/router/route_registrar.go:51.75,54.31 2 1
github.com/denkhaus/templ-router/pkg/router/route_registrar.go:54.31,55.55 1 1
github.com/denkhaus/templ-router/pkg/router/route_registrar.go:55.55,60.4 2 0
github.com/denkhaus/templ-router/pkg/router/route_registrar.go:63.2,63.12 1 1
github.com/denkhaus/templ-router/pkg/router/route_registrar.go:67.77,69.63 1 1
github.com/denkhaus/templ-router/pkg/router/route_registrar.go:69.63,71.3 1 0
github.com/denkhaus/templ-router/pkg/router/route_registrar.go:74.2,74.45 1 1
github.com/denkhaus/templ-router/pkg/router/route_registrar.go:74.45,76.3 1 0
github.com/denkhaus/templ-router/pkg/router/route_registrar.go:79.2,93.12 5 1
github.com/denkhaus/templ-router/pkg/router/route_registrar.go:97.70,108.2 3 1
github.com/denkhaus/templ-router/pkg/router/route_registrar.go:111.50,114.2 2 1
github.com/denkhaus/templ-router/pkg/router/route_registrar.go:117.48,118.66 1 1
github.com/denkhaus/templ-router/pkg/router/route_registrar.go:118.66,125.26 3 0
github.com/denkhaus/templ-router/pkg/router/route_registrar.go:125.26,127.24 2 0
github.com/denkhaus/templ-router/pkg/router/route_registrar.go:127.24,130.60 3 0
github.com/denkhaus/templ-router/pkg/router/route_registrar.go:130.60,133.6 2 0
github.com/denkhaus/templ-router/pkg/router/route_registrar.go:134.5,134.11 1 0
github.com/denkhaus/templ-router/pkg/router/route_registrar.go:139.3,139.55 1 0
github.com/denkhaus/templ-router/pkg/router/route_registrar.go:144.61,145.74 1 1
github.com/denkhaus/templ-router/pkg/router/route_registrar.go:145.74,151.26 3 0
github.com/denkhaus/templ-router/pkg/router/route_registrar.go:151.26,155.24 2 0
github.com/denkhaus/templ-router/pkg/router/route_registrar.go:155.24,158.60 3 0
github.com/denkhaus/templ-router/pkg/router/route_registrar.go:158.60,161.6 2 0
github.com/denkhaus/templ-router/pkg/router/route_registrar.go:162.5,162.11 1 0
github.com/denkhaus/templ-router/pkg/router/route_registrar.go:167.3,167.67 1 0
github.com/denkhaus/templ-router/pkg/router/route_registrar.go:172.86,174.29 1 0
github.com/denkhaus/templ-router/pkg/router/route_registrar.go:174.29,176.3 1 0
github.com/denkhaus/templ-router/pkg/router/route_registrar.go:179.2,181.28 2 0
github.com/denkhaus/templ-router/pkg/router/route_registrar.go:181.28,183.3 1 0
github.com/denkhaus/templ-router/pkg/router/route_registrar.go:185.2,185.38 1 0
github.com/denkhaus/templ-router/pkg/router/route_registrar.go:185.38,214.3 5 0
github.com/denkhaus/templ-router/pkg/router/route_registrar.go:216.2,216.12 1 0
github.com/denkhaus/templ-router/pkg/router/route_registrar.go:220.86,222.22 1 1
github.com/denkhaus/templ-router/pkg/router/route_registrar.go:222.22,224.3 1 0
github.com/denkhaus/templ-router/pkg/router/route_registrar.go:227.2,227.41 1 1
github.com/denkhaus/templ-router/pkg/router/route_registrar.go:227.41,229.3 1 0
github.com/denkhaus/templ-router/pkg/router/route_registrar.go:232.2,232.30 1 1
github.com/denkhaus/templ-router/pkg/router/route_registrar.go:232.30,234.3 1 0
github.com/denkhaus/templ-router/pkg/router/route_registrar.go:237.2,237.40 1 1
github.com/denkhaus/templ-router/pkg/router/route_registrar.go:237.40,239.3 1 0
github.com/denkhaus/templ-router/pkg/router/route_registrar.go:242.2,242.89 1 1
github.com/denkhaus/templ-router/pkg/router/route_registrar.go:242.89,244.3 1 0
github.com/denkhaus/templ-router/pkg/router/route_registrar.go:247.2,247.45 1 1
github.com/denkhaus/templ-router/pkg/router/route_registrar.go:247.45,248.30 1 0
github.com/denkhaus/templ-router/pkg/router/route_registrar.go:248.30,250.4 1 0
github.com/denkhaus/templ-router/pkg/router/route_registrar.go:251.3,252.33 2 0
github.com/denkhaus/templ-router/pkg/router/route_registrar.go:252.33,254.4 1 0
github.com/denkhaus/templ-router/pkg/router/route_registrar.go:257.2,261.12 2 1
github.com/denkhaus/templ-router/pkg/router/router_builder.go:64.79,85.2 5 0
github.com/denkhaus/templ-router/pkg/router/router_builder.go:91.96,94.2 2 0
github.com/denkhaus/templ-router/pkg/router/router_builder.go:97.87,100.2 2 0
github.com/denkhaus/templ-router/pkg/router/router_builder.go:103.100,106.2 2 0
github.com/denkhaus/templ-router/pkg/router/router_builder.go:109.99,112.2 2 0
github.com/denkhaus/templ-router/pkg/router/router_builder.go:115.87,117.19 2 0
github.com/denkhaus/templ-router/pkg/router/router_builder.go:117.19,119.3 1 0
github.com/denkhaus/templ-router/pkg/router/router_builder.go:120.2,120.11 1 0
github.com/denkhaus/templ-router/pkg/router/router_builder.go:125.104,132.2 2 0
github.com/denkhaus/templ-router/pkg/router/router_builder.go:135.115,138.2 2 0
github.com/denkhaus/templ-router/pkg/router/router_builder.go:141.83,144.2 2 0
github.com/denkhaus/templ-router/pkg/router/router_builder.go:147.91,150.2 2 0
github.com/denkhaus/templ-router/pkg/router/router_builder.go:153.52,155.51 1 0
github.com/denkhaus/templ-router/pkg/router/router_builder.go:155.51,157.3 1 0
github.com/denkhaus/templ-router/pkg/router/router_builder.go:160.2,160.51 1 0
github.com/denkhaus/templ-router/pkg/router/router_builder.go:160.51,162.3 1 0
github.com/denkhaus/templ-router/pkg/router/router_builder.go:165.2,168.52 2 0
github.com/denkhaus/templ-router/pkg/router/router_builder.go:168.52,170.3 1 0
github.com/denkhaus/templ-router/pkg/router/router_builder.go:173.2,173.53 1 0
github.com/denkhaus/templ-router/pkg/router/router_builder.go:173.53,175.3 1 0
github.com/denkhaus/templ-router/pkg/router/router_builder.go:178.2,178.34 1 0
github.com/denkhaus/templ-router/pkg/router/router_builder.go:178.34,180.3 1 0
github.com/denkhaus/templ-router/pkg/router/router_builder.go:183.2,183.58 1 0
github.com/denkhaus/templ-router/pkg/router/router_builder.go:183.58,185.3 1 0
github.com/denkhaus/templ-router/pkg/router/router_builder.go:188.2,188.43 1 0
github.com/denkhaus/templ-router/pkg/router/router_builder.go:188.43,189.52 1 0
github.com/denkhaus/templ-router/pkg/router/router_builder.go:189.52,191.4 1 0
github.com/denkhaus/templ-router/pkg/router/router_builder.go:195.2,195.54 1 0
github.com/denkhaus/templ-router/pkg/router/router_builder.go:195.54,197.3 1 0
github.com/denkhaus/templ-router/pkg/router/router_builder.go:200.2,202.17 2 0
github.com/denkhaus/templ-router/pkg/router/router_builder.go:206.56,207.44 1 0
github.com/denkhaus/templ-router/pkg/router/router_builder.go:207.44,209.3 1 0
github.com/denkhaus/templ-router/pkg/router/router_builder.go:210.2,210.41 1 0
github.com/denkhaus/templ-router/pkg/router/router_builder.go:210.41,212.3 1 0
github.com/denkhaus/templ-router/pkg/router/router_builder.go:213.2,213.48 1 0
github.com/denkhaus/templ-router/pkg/router/router_builder.go:213.48,215.3 1 0
github.com/denkhaus/templ-router/pkg/router/router_builder.go:216.2,216.45 1 0
github.com/denkhaus/templ-router/pkg/router/router_builder.go:216.45,218.3 1 0
github.com/denkhaus/templ-router/pkg/router/router_builder.go:219.2,219.12 1 0
github.com/denkhaus/templ-router/pkg/router/router_builder.go:223.66,239.41 2 0
github.com/denkhaus/templ-router/pkg/router/router_builder.go:239.41,240.21 1 0
github.com/denkhaus/templ-router/pkg/router/router_builder.go:240.21,241.41 1 0
github.com/denkhaus/templ-router/pkg/router/router_builder.go:241.41,243.5 1 0
github.com/denkhaus/templ-router/pkg/router/router_builder.go:247.2,247.12 1 0
github.com/denkhaus/templ-router/pkg/router/router_builder.go:251.56,254.2 2 0
github.com/denkhaus/templ-router/pkg/router/router_builder.go:257.54,259.16 2 0
github.com/denkhaus/templ-router/pkg/router/router_builder.go:259.16,261.3 1 0
github.com/denkhaus/templ-router/pkg/router/router_builder.go:263.2,263.12 1 0
github.com/denkhaus/templ-router/pkg/router/router_builder.go:267.54,271.2 2 0
github.com/denkhaus/templ-router/pkg/router/router_builder.go:274.58,278.2 2 0
github.com/denkhaus/templ-router/pkg/router/router_builder.go:281.67,282.40 1 0
github.com/denkhaus/templ-router/pkg/router/router_builder.go:282.40,283.23 1 0
github.com/denkhaus/templ-router/pkg/router/router_builder.go:284.14,285.38 1 0
github.com/denkhaus/templ-router/pkg/router/router_builder.go:286.15,287.39 1 0
github.com/denkhaus/templ-router/pkg/router/router_builder.go:288.14,289.38 1 0
github.com/denkhaus/templ-router/pkg/router/router_builder.go:290.17,291.41 1 0
github.com/denkhaus/templ-router/pkg/router/router_builder.go:292.16,293.40 1 0
github.com/denkhaus/templ-router/pkg/router/router_builder.go:294.11,295.66 1 0
github.com/denkhaus/templ-router/pkg/router/router_builder.go:297.3,299.35 1 0
github.com/denkhaus/templ-router/pkg/router/router_builder.go:301.2,301.12 1 0
github.com/denkhaus/templ-router/pkg/router/router_builder.go:305.60,306.90 1 0
github.com/denkhaus/templ-router/pkg/router/router_builder.go:306.90,316.3 2 0
github.com/denkhaus/templ-router/pkg/router/router_builder.go:317.2,317.91 1 0
github.com/denkhaus/templ-router/pkg/router/router_builder.go:321.65,323.82 2 0
github.com/denkhaus/templ-router/pkg/router/router_builder.go:323.82,324.17 1 0
github.com/denkhaus/templ-router/pkg/router/router_builder.go:325.15,326.27 1 0
github.com/denkhaus/templ-router/pkg/router/router_builder.go:327.14,328.26 1 0
github.com/denkhaus/templ-router/pkg/router/router_builder.go:330.3,332.29 1 0
github.com/denkhaus/templ-router/pkg/router/router_builder.go:334.2,334.12 1 0
github.com/denkhaus/templ-router/pkg/router/router_builder.go:338.68,341.16 2 0
github.com/denkhaus/templ-router/pkg/router/router_builder.go:341.16,345.3 2 0
github.com/denkhaus/templ-router/pkg/router/router_builder.go:347.2,347.30 1 0
github.com/denkhaus/templ-router/pkg/router/router_builder.go:347.30,350.3 2 0
github.com/denkhaus/templ-router/pkg/router/router_builder.go:353.2,353.49 1 0
github.com/denkhaus/templ-router/pkg/router/router_builder.go:353.49,355.3 1 0
github.com/denkhaus/templ-router/pkg/router/router_builder.go:358.2,358.47 1 0
github.com/denkhaus/templ-router/pkg/router/router_builder.go:358.47,363.3 2 0
github.com/denkhaus/templ-router/pkg/router/router_builder.go:365.2,365.12 1 0
github.com/denkhaus/templ-router/pkg/router/router_builder.go:369.63,370.39 1 0
github.com/denkhaus/templ-router/pkg/router/router_builder.go:370.39,372.3 1 0
github.com/denkhaus/templ-router/pkg/router/router_builder.go:373.2,373.47 1 0
github.com/denkhaus/templ-router/pkg/router/router_builder.go:373.47,375.3 1 0
github.com/denkhaus/templ-router/pkg/router/router_builder.go:379.64,381.2 1 0
github.com/denkhaus/templ-router/pkg/router/router_builder.go:384.50,386.2 1 0
github.com/denkhaus/templ-router/pkg/router/test_utils.go:24.61,25.27 1 0
github.com/denkhaus/templ-router/pkg/router/test_utils.go:25.27,27.3 1 0
github.com/denkhaus/templ-router/pkg/router/test_utils.go:28.2,28.15 1 0
github.com/denkhaus/templ-router/pkg/router/test_utils.go:30.63,30.85 1 0
github.com/denkhaus/templ-router/pkg/router/test_utils.go:31.63,31.78 1 0
github.com/denkhaus/templ-router/pkg/router/test_utils.go:32.63,32.97 1 0
github.com/denkhaus/templ-router/pkg/router/test_utils.go:33.63,33.94 1 0
github.com/denkhaus/templ-router/pkg/router/test_utils.go:34.63,34.78 1 0
github.com/denkhaus/templ-router/pkg/router/test_utils.go:35.63,35.78 1 0
github.com/denkhaus/templ-router/pkg/router/test_utils.go:36.63,36.88 1 0
github.com/denkhaus/templ-router/pkg/router/test_utils.go:37.63,37.82 1 0
github.com/denkhaus/templ-router/pkg/router/test_utils.go:38.63,38.84 1 0
github.com/denkhaus/templ-router/pkg/router/test_utils.go:39.63,39.82 1 0
github.com/denkhaus/templ-router/pkg/router/test_utils.go:40.63,40.81 1 0
github.com/denkhaus/templ-router/pkg/router/test_utils.go:41.63,41.78 1 0
github.com/denkhaus/templ-router/pkg/router/test_utils.go:42.63,42.85 1 0
github.com/denkhaus/templ-router/pkg/router/test_utils.go:43.63,43.85 1 0
github.com/denkhaus/templ-router/pkg/router/test_utils.go:44.63,44.78 1 0
github.com/denkhaus/templ-router/pkg/router/test_utils.go:45.63,45.79 1 0
github.com/denkhaus/templ-router/pkg/router/test_utils.go:48.72,48.87 1 0
github.com/denkhaus/templ-router/pkg/router/test_utils.go:49.72,49.87 1 0
github.com/denkhaus/templ-router/pkg/router/test_utils.go:50.72,50.87 1 0
github.com/denkhaus/templ-router/pkg/router/test_utils.go:51.72,51.87 1 0
github.com/denkhaus/templ-router/pkg/router/test_utils.go:52.72,52.89 1 0
github.com/denkhaus/templ-router/pkg/router/test_utils.go:53.72,53.99 1 0
github.com/denkhaus/templ-router/pkg/router/test_utils.go:54.72,54.99 1 0
github.com/denkhaus/templ-router/pkg/router/test_utils.go:55.72,55.99 1 0
github.com/denkhaus/templ-router/pkg/router/test_utils.go:56.72,56.99 1 0
github.com/denkhaus/templ-router/pkg/router/test_utils.go:57.72,57.94 1 0
github.com/denkhaus/templ-router/pkg/router/test_utils.go:58.72,58.87 1 0
github.com/denkhaus/templ-router/pkg/router/test_utils.go:59.72,59.89 1 0
github.com/denkhaus/templ-router/pkg/router/test_utils.go:60.72,60.93 1 0
github.com/denkhaus/templ-router/pkg/router/test_utils.go:61.72,61.91 1 0
github.com/denkhaus/templ-router/pkg/router/test_utils.go:62.72,62.92 1 0
github.com/denkhaus/templ-router/pkg/router/test_utils.go:63.72,63.88 1 0
github.com/denkhaus/templ-router/pkg/router/test_utils.go:64.72,64.97 1 0
github.com/denkhaus/templ-router/pkg/router/test_utils.go:65.72,65.92 1 0
github.com/denkhaus/templ-router/pkg/router/test_utils.go:66.72,66.97 1 0
github.com/denkhaus/templ-router/pkg/router/test_utils.go:67.72,67.88 1 0
github.com/denkhaus/templ-router/pkg/router/test_utils.go:68.72,68.87 1 0
github.com/denkhaus/templ-router/pkg/router/test_utils.go:69.72,69.88 1 0
github.com/denkhaus/templ-router/pkg/router/test_utils.go:70.72,70.84 1 0
github.com/denkhaus/templ-router/pkg/router/test_utils.go:71.72,71.88 1 0
github.com/denkhaus/templ-router/pkg/router/test_utils.go:72.72,72.88 1 0
github.com/denkhaus/templ-router/pkg/router/test_utils.go:73.72,73.85 1 0
github.com/denkhaus/templ-router/pkg/router/test_utils.go:74.72,74.85 1 0
github.com/denkhaus/templ-router/pkg/router/test_utils.go:75.72,75.85 1 0
github.com/denkhaus/templ-router/pkg/router/test_utils.go:76.72,76.85 1 0
github.com/denkhaus/templ-router/pkg/router/test_utils.go:77.72,77.91 1 0
github.com/denkhaus/templ-router/pkg/router/test_utils.go:78.72,78.88 1 0
github.com/denkhaus/templ-router/pkg/router/test_utils.go:79.72,79.87 1 0
github.com/denkhaus/templ-router/pkg/router/test_utils.go:80.72,80.88 1 0
github.com/denkhaus/templ-router/pkg/router/test_utils.go:81.72,81.88 1 0
github.com/denkhaus/templ-router/pkg/router/test_utils.go:82.72,82.86 1 0
github.com/denkhaus/templ-router/pkg/router/test_utils.go:83.72,83.88 1 0
github.com/denkhaus/templ-router/pkg/router/test_utils.go:84.72,84.88 1 0
github.com/denkhaus/templ-router/pkg/router/test_utils.go:85.72,85.91 1 0
github.com/denkhaus/templ-router/pkg/router/test_utils.go:86.72,86.89 1 0
github.com/denkhaus/templ-router/pkg/router/test_utils.go:87.72,87.89 1 0
github.com/denkhaus/templ-router/pkg/router/test_utils.go:88.72,88.91 1 0
github.com/denkhaus/templ-router/pkg/router/test_utils.go:89.72,89.88 1 0
github.com/denkhaus/templ-router/pkg/router/test_utils.go:90.72,90.85 1 0
github.com/denkhaus/templ-router/pkg/router/test_utils.go:91.72,91.85 1 0
github.com/denkhaus/templ-router/pkg/router/test_utils.go:92.72,92.86 1 0
github.com/denkhaus/templ-router/pkg/router/test_utils.go:93.72,93.85 1 0
github.com/denkhaus/templ-router/pkg/router/test_utils.go:94.72,94.85 1 0
github.com/denkhaus/templ-router/pkg/router/test_utils.go:95.72,95.87 1 0
github.com/denkhaus/templ-router/pkg/router/test_utils.go:96.72,96.85 1 0
github.com/denkhaus/templ-router/pkg/router/test_utils.go:97.72,97.85 1 0
github.com/denkhaus/templ-router/pkg/router/test_utils.go:98.72,98.85 1 0
github.com/denkhaus/templ-router/pkg/router/test_utils.go:99.72,99.87 1 0
github.com/denkhaus/templ-router/pkg/router/test_utils.go:103.68,103.69 0 0
github.com/denkhaus/templ-router/pkg/router/test_utils.go:104.68,104.69 0 0
github.com/denkhaus/templ-router/pkg/router/test_utils.go:113.90,114.19 1 0
github.com/denkhaus/templ-router/pkg/router/test_utils.go:114.19,116.3 1 0
github.com/denkhaus/templ-router/pkg/router/test_utils.go:117.2,117.22 1 0
github.com/denkhaus/templ-router/pkg/router/test_utils.go:120.100,121.19 1 0
github.com/denkhaus/templ-router/pkg/router/test_utils.go:121.19,123.3 1 0
github.com/denkhaus/templ-router/pkg/router/test_utils.go:124.2,124.23 1 0
github.com/denkhaus/templ-router/pkg/router/test_utils.go:127.106,128.19 1 0
github.com/denkhaus/templ-router/pkg/router/test_utils.go:128.19,130.3 1 0
github.com/denkhaus/templ-router/pkg/router/test_utils.go:131.2,131.30 1 0
github.com/denkhaus/templ-router/pkg/router/test_utils.go:140.93,141.19 1 0
github.com/denkhaus/templ-router/pkg/router/test_utils.go:141.19,143.3 1 0
github.com/denkhaus/templ-router/pkg/router/test_utils.go:144.2,144.21 1 0
github.com/denkhaus/templ-router/pkg/router/test_utils.go:144.21,146.3 1 0
github.com/denkhaus/templ-router/pkg/router/test_utils.go:147.2,147.56 1 0
github.com/denkhaus/templ-router/pkg/router/test_utils.go:150.88,151.19 1 0
github.com/denkhaus/templ-router/pkg/router/test_utils.go:151.19,153.3 1 0
github.com/denkhaus/templ-router/pkg/router/test_utils.go:154.2,154.21 1 0
github.com/denkhaus/templ-router/pkg/router/test_utils.go:154.21,156.3 1 0
github.com/denkhaus/templ-router/pkg/router/test_utils.go:157.2,157.56 1 0
github.com/denkhaus/templ-router/pkg/router/test_utils.go:160.94,161.19 1 0
github.com/denkhaus/templ-router/pkg/router/test_utils.go:161.19,163.3 1 0
github.com/denkhaus/templ-router/pkg/router/test_utils.go:164.2,164.25 1 0
github.com/denkhaus/templ-router/pkg/router/test_utils.go:164.25,166.3 1 0
github.com/denkhaus/templ-router/pkg/router/test_utils.go:167.2,167.48 1 0
github.com/denkhaus/templ-router/pkg/router/test_utils.go:174.89,175.19 1 0
github.com/denkhaus/templ-router/pkg/router/test_utils.go:175.19,176.72 1 0
github.com/denkhaus/templ-router/pkg/router/test_utils.go:176.72,178.4 1 0
github.com/denkhaus/templ-router/pkg/router/test_utils.go:181.2,181.71 1 0
github.com/denkhaus/templ-router/pkg/router/test_utils.go:181.71,184.3 2 0
github.com/denkhaus/templ-router/pkg/router/test_utils.go:190.124,192.2 1 0
github.com/denkhaus/templ-router/pkg/router/test_utils.go:194.103,196.2 1 0
github.com/denkhaus/templ-router/pkg/router/test_utils.go:200.67,202.2 1 0
github.com/denkhaus/templ-router/pkg/router/test_utils.go:204.99,206.2 1 0
github.com/denkhaus/templ-router/pkg/router/test_utils.go:208.58,210.2 1 0
github.com/denkhaus/templ-router/pkg/router/test_utils.go:212.77,214.2 1 0
github.com/denkhaus/templ-router/pkg/router/test_utils.go:216.123,218.2 1 0
github.com/denkhaus/templ-router/pkg/router/test_utils.go:222.153,224.2 1 0
github.com/denkhaus/templ-router/pkg/router/test_utils.go:226.143,228.2 1 0
github.com/denkhaus/templ-router/pkg/router/test_utils.go:232.99,234.2 1 0
github.com/denkhaus/templ-router/pkg/router/test_utils.go:236.141,238.2 1 0
github.com/denkhaus/templ-router/pkg/router/test_utils.go:242.92,244.2 1 0
github.com/denkhaus/templ-router/pkg/router/test_utils.go:246.87,248.2 1 0
github.com/denkhaus/templ-router/pkg/router/test_utils.go:253.102,254.71 1 0
github.com/denkhaus/templ-router/pkg/router/test_utils.go:254.71,256.3 1 0
github.com/denkhaus/templ-router/pkg/router/test_utils.go:261.90,262.71 1 0
github.com/denkhaus/templ-router/pkg/router/test_utils.go:262.71,264.3 1 0
github.com/denkhaus/templ-router/pkg/router/test_utils.go:269.104,270.71 1 0
github.com/denkhaus/templ-router/pkg/router/test_utils.go:270.71,273.3 2 0
github.com/denkhaus/templ-router/pkg/router/test_utils.go:278.68,281.2 1 0
github.com/denkhaus/templ-router/pkg/router/test_utils.go:284.40,288.77 2 0
github.com/denkhaus/templ-router/pkg/router/test_utils.go:288.77,290.3 1 0
github.com/denkhaus/templ-router/pkg/router/test_utils.go:292.2,292.64 1 0
github.com/denkhaus/templ-router/pkg/router/test_utils.go:292.64,294.3 1 0
github.com/denkhaus/templ-router/pkg/router/test_utils.go:296.2,296.78 1 0
github.com/denkhaus/templ-router/pkg/router/test_utils.go:296.78,299.3 1 0
github.com/denkhaus/templ-router/pkg/router/test_utils.go:301.2,301.78 1 0
github.com/denkhaus/templ-router/pkg/router/test_utils.go:301.78,315.3 1 0
github.com/denkhaus/templ-router/pkg/router/test_utils.go:317.2,317.77 1 0
github.com/denkhaus/templ-router/pkg/router/test_utils.go:317.77,319.3 1 0
github.com/denkhaus/templ-router/pkg/router/test_utils.go:321.2,321.76 1 0
github.com/denkhaus/templ-router/pkg/router/test_utils.go:321.76,323.3 1 0
github.com/denkhaus/templ-router/pkg/router/test_utils.go:326.2,326.75 1 0
github.com/denkhaus/templ-router/pkg/router/test_utils.go:326.75,328.3 1 0
github.com/denkhaus/templ-router/pkg/router/test_utils.go:330.2,330.75 1 0
github.com/denkhaus/templ-router/pkg/router/test_utils.go:330.75,332.3 1 0
github.com/denkhaus/templ-router/pkg/router/test_utils.go:334.2,334.79 1 0
github.com/denkhaus/templ-router/pkg/router/test_utils.go:334.79,336.3 1 0
github.com/denkhaus/templ-router/pkg/router/test_utils.go:338.2,338.77 1 0
github.com/denkhaus/templ-router/pkg/router/test_utils.go:338.77,340.3 1 0
github.com/denkhaus/templ-router/pkg/router/test_utils.go:342.2,342.76 1 0
github.com/denkhaus/templ-router/pkg/router/test_utils.go:342.76,344.3 1 0
github.com/denkhaus/templ-router/pkg/router/test_utils.go:347.2,347.87 1 0
github.com/denkhaus/templ-router/pkg/router/test_utils.go:347.87,349.3 1 0
github.com/denkhaus/templ-router/pkg/router/test_utils.go:351.2,351.87 1 0
github.com/denkhaus/templ-router/pkg/router/test_utils.go:351.87,353.3 1 0
github.com/denkhaus/templ-router/pkg/router/test_utils.go:355.2,355.91 1 0
github.com/denkhaus/templ-router/pkg/router/test_utils.go:355.91,357.3 1 0
github.com/denkhaus/templ-router/pkg/router/test_utils.go:359.2,359.89 1 0
github.com/denkhaus/templ-router/pkg/router/test_utils.go:359.89,361.3 1 0
github.com/denkhaus/templ-router/pkg/router/test_utils.go:363.2,363.17 1 0
github.com/denkhaus/templ-router/pkg/router/test_utils.go:367.61,367.84 1 0
github.com/denkhaus/templ-router/pkg/router/test_utils.go:368.61,368.82 1 0
github.com/denkhaus/templ-router/pkg/router/test_utils.go:369.61,369.75 1 0
github.com/denkhaus/templ-router/pkg/router/test_utils.go:372.53,372.72 1 0
github.com/denkhaus/templ-router/pkg/router/user_context.go:16.69,18.51 2 1
github.com/denkhaus/templ-router/pkg/router/user_context.go:18.51,20.3 1 1
github.com/denkhaus/templ-router/pkg/router/user_context.go:21.2,21.13 1 1
github.com/denkhaus/templ-router/pkg/router/user_context.go:25.40,27.2 1 1
github.com/denkhaus/templ-router/pkg/router/user_context.go:30.69,33.28 3 1
github.com/denkhaus/templ-router/pkg/router/user_context.go:33.28,35.3 1 1
github.com/denkhaus/templ-router/pkg/router/user_context.go:36.2,36.11 1 1
github.com/denkhaus/templ-router/pkg/router/user_context.go:40.72,43.28 3 1
github.com/denkhaus/templ-router/pkg/router/user_context.go:43.28,45.3 1 1
github.com/denkhaus/templ-router/pkg/router/user_context.go:46.2,46.11 1 1
github.com/denkhaus/templ-router/pkg/router/user_context.go:50.74,53.28 3 1
github.com/denkhaus/templ-router/pkg/router/user_context.go:53.28,55.3 1 1
github.com/denkhaus/templ-router/pkg/router/user_context.go:56.2,56.12 1 1
github.com/denkhaus/templ-router/pkg/router/user_context.go:60.82,62.26 2 1
github.com/denkhaus/templ-router/pkg/router/user_context.go:62.26,63.16 1 1
github.com/denkhaus/templ-router/pkg/router/user_context.go:63.16,65.4 1 1
github.com/denkhaus/templ-router/pkg/router/user_context.go:67.2,67.14 1 1
github.com/denkhaus/templ-router/pkg/router/user_context.go:72.93,74.2 1 1
github.com/denkhaus/templ-router/pkg/services/component_metadata_service.go:16.101,30.2 5 0
github.com/denkhaus/templ-router/pkg/services/component_metadata_service.go:45.110,47.66 1 1
github.com/denkhaus/templ-router/pkg/services/component_metadata_service.go:47.66,50.3 2 0
github.com/denkhaus/templ-router/pkg/services/component_metadata_service.go:53.2,61.16 4 1
github.com/denkhaus/templ-router/pkg/services/component_metadata_service.go:61.16,67.3 2 1
github.com/denkhaus/templ-router/pkg/services/component_metadata_service.go:70.2,72.20 2 0
github.com/denkhaus/templ-router/pkg/services/component_metadata_service.go:76.105,82.2 4 1
github.com/denkhaus/templ-router/pkg/services/component_metadata_service.go:85.121,87.84 1 0
github.com/denkhaus/templ-router/pkg/services/component_metadata_service.go:87.84,92.3 2 0
github.com/denkhaus/templ-router/pkg/services/component_metadata_service.go:95.2,96.16 2 0
github.com/denkhaus/templ-router/pkg/services/component_metadata_service.go:96.16,98.3 1 0
github.com/denkhaus/templ-router/pkg/services/component_metadata_service.go:101.2,104.28 3 0
github.com/denkhaus/templ-router/pkg/services/component_metadata_service.go:104.28,105.66 1 0
github.com/denkhaus/templ-router/pkg/services/component_metadata_service.go:105.66,107.4 1 0
github.com/denkhaus/templ-router/pkg/services/component_metadata_service.go:107.9,109.71 1 0
github.com/denkhaus/templ-router/pkg/services/component_metadata_service.go:109.71,110.78 1 0
github.com/denkhaus/templ-router/pkg/services/component_metadata_service.go:110.78,116.6 2 0
github.com/denkhaus/templ-router/pkg/services/component_metadata_service.go:122.2,124.26 2 0
github.com/denkhaus/templ-router/pkg/services/component_metadata_service.go:128.116,135.2 5 1
github.com/denkhaus/templ-router/pkg/services/component_metadata_service.go:138.109,147.32 4 1
github.com/denkhaus/templ-router/pkg/services/component_metadata_service.go:147.32,148.21 1 1
github.com/denkhaus/templ-router/pkg/services/component_metadata_service.go:148.21,151.4 2 1
github.com/denkhaus/templ-router/pkg/services/component_metadata_service.go:155.2,156.36 2 1
github.com/denkhaus/templ-router/pkg/services/component_metadata_service.go:156.36,158.3 1 1
github.com/denkhaus/templ-router/pkg/services/component_metadata_service.go:160.2,163.20 2 1
github.com/denkhaus/templ-router/pkg/services/component_metadata_service.go:167.132,170.47 2 1
github.com/denkhaus/templ-router/pkg/services/component_metadata_service.go:170.47,172.17 2 1
github.com/denkhaus/templ-router/pkg/services/component_metadata_service.go:172.17,177.12 2 1
github.com/denkhaus/templ-router/pkg/services/component_metadata_service.go:179.3,179.33 1 0
github.com/denkhaus/templ-router/pkg/services/component_metadata_service.go:182.2,182.20 1 1
github.com/denkhaus/templ-router/pkg/services/component_metadata_service.go:187.90,189.102 1 1
github.com/denkhaus/templ-router/pkg/services/component_metadata_service.go:189.102,190.89 1 1
github.com/denkhaus/templ-router/pkg/services/component_metadata_service.go:190.89,191.27 1 1
github.com/denkhaus/templ-router/pkg/services/component_metadata_service.go:191.27,214.5 6 1
github.com/denkhaus/templ-router/pkg/services/component_metadata_service.go:214.10,217.5 1 0
github.com/denkhaus/templ-router/pkg/services/component_metadata_service.go:221.2,222.11 2 1
github.com/denkhaus/templ-router/pkg/services/component_metadata_service.go:226.100,228.2 1 1
github.com/denkhaus/templ-router/pkg/services/component_metadata_service.go:230.101,236.2 4 1
github.com/denkhaus/templ-router/pkg/services/component_metadata_service.go:238.118,247.2 5 1
github.com/denkhaus/templ-router/pkg/services/component_metadata_service.go:249.65,252.2 1 0
github.com/denkhaus/templ-router/pkg/router/services/auth_service.go:13.68,23.2 4 0
github.com/denkhaus/templ-router/pkg/router/services/auth_service.go:26.127,27.58 1 0
github.com/denkhaus/templ-router/pkg/router/services/auth_service.go:27.58,29.3 1 0
github.com/denkhaus/templ-router/pkg/router/services/auth_service.go:32.2,33.16 2 0
github.com/denkhaus/templ-router/pkg/router/services/auth_service.go:33.16,40.3 2 0
github.com/denkhaus/templ-router/pkg/router/services/auth_service.go:42.2,42.20 1 0
github.com/denkhaus/templ-router/pkg/router/services/auth_service.go:42.20,49.3 2 0
github.com/denkhaus/templ-router/pkg/router/services/auth_service.go:52.2,53.16 2 0
github.com/denkhaus/templ-router/pkg/router/services/auth_service.go:53.16,62.3 2 0
github.com/denkhaus/templ-router/pkg/router/services/auth_service.go:64.2,67.8 1 0
github.com/denkhaus/templ-router/pkg/router/services/auth_service.go:71.106,72.50 1 0
github.com/denkhaus/templ-router/pkg/router/services/auth_service.go:72.50,74.3 1 0
github.com/denkhaus/templ-router/pkg/router/services/auth_service.go:76.2,77.34 2 0
github.com/denkhaus/templ-router/pkg/router/services/auth_service.go:77.34,79.3 1 0
github.com/denkhaus/templ-router/pkg/router/services/auth_service.go:81.2,82.16 2 0
github.com/denkhaus/templ-router/pkg/router/services/auth_service.go:82.16,84.3 1 0
github.com/denkhaus/templ-router/pkg/router/services/auth_service.go:86.2,86.49 1 0
github.com/denkhaus/templ-router/pkg/router/services/auth_service.go:90.113,91.23 1 0
github.com/denkhaus/templ-router/pkg/router/services/auth_service.go:92.16,93.14 1 0
github.com/denkhaus/templ-router/pkg/router/services/auth_service.go:94.22,95.34 1 0
github.com/denkhaus/templ-router/pkg/router/services/auth_service.go:96.23,97.40 1 0
github.com/denkhaus/templ-router/pkg/router/services/auth_service.go:98.10,100.31 1 0
github.com/denkhaus/templ-router/pkg/router/services/auth_service.go:100.31,102.4 1 0
github.com/denkhaus/templ-router/pkg/router/services/auth_service.go:103.3,103.47 1 0
github.com/denkhaus/templ-router/pkg/router/services/auth_service.go:103.47,104.43 1 0
github.com/denkhaus/templ-router/pkg/router/services/auth_service.go:104.43,106.5 1 0
github.com/denkhaus/templ-router/pkg/router/services/auth_service.go:108.3,108.15 1 0
github.com/denkhaus/templ-router/pkg/router/services/auth_service.go:113.88,114.43 1 0
github.com/denkhaus/templ-router/pkg/router/services/auth_service.go:114.43,115.23 1 0
github.com/denkhaus/templ-router/pkg/router/services/auth_service.go:115.23,117.4 1 0
github.com/denkhaus/templ-router/pkg/router/services/auth_service.go:119.2,119.14 1 0
github.com/denkhaus/templ-router/pkg/router/services/auth_validator.go:20.62,28.2 3 0
github.com/denkhaus/templ-router/pkg/router/services/auth_validator.go:31.125,32.41 1 0
github.com/denkhaus/templ-router/pkg/router/services/auth_validator.go:32.41,36.3 2 0
github.com/denkhaus/templ-router/pkg/router/services/auth_validator.go:38.2,52.44 5 0
github.com/denkhaus/templ-router/pkg/router/services/auth_validator.go:56.141,64.40 2 0
github.com/denkhaus/templ-router/pkg/router/services/auth_validator.go:64.40,74.3 1 0
github.com/denkhaus/templ-router/pkg/router/services/auth_validator.go:77.2,77.36 1 0
github.com/denkhaus/templ-router/pkg/router/services/auth_validator.go:77.36,79.3 1 0
github.com/denkhaus/templ-router/pkg/router/services/auth_validator.go:83.140,85.74 1 0
github.com/denkhaus/templ-router/pkg/router/services/auth_validator.go:85.74,96.3 1 0
github.com/denkhaus/templ-router/pkg/router/services/auth_validator.go:100.131,101.42 1 0
github.com/denkhaus/templ-router/pkg/router/services/auth_validator.go:101.42,102.17 1 0
github.com/denkhaus/templ-router/pkg/router/services/auth_validator.go:102.17,109.12 2 0
github.com/denkhaus/templ-router/pkg/router/services/auth_validator.go:113.3,113.32 1 0
github.com/denkhaus/templ-router/pkg/router/services/auth_validator.go:113.32,124.4 1 0
github.com/denkhaus/templ-router/pkg/router/services/auth_validator.go:129.117,131.31 1 0
github.com/denkhaus/templ-router/pkg/router/services/auth_validator.go:131.31,138.3 1 0
github.com/denkhaus/templ-router/pkg/router/services/auth_validator.go:141.2,141.42 1 0
github.com/denkhaus/templ-router/pkg/router/services/auth_validator.go:141.42,151.3 1 0
github.com/denkhaus/templ-router/pkg/router/services/auth_validator.go:155.60,157.28 1 0
github.com/denkhaus/templ-router/pkg/router/services/auth_validator.go:157.28,158.85 1 0
github.com/denkhaus/templ-router/pkg/router/services/auth_validator.go:158.85,160.4 1 0
github.com/denkhaus/templ-router/pkg/router/services/auth_validator.go:162.2,162.22 1 0
github.com/denkhaus/templ-router/pkg/router/services/clean_services.go:43.89,47.2 2 0
github.com/denkhaus/templ-router/pkg/router/services/config_loader.go:21.70,26.2 2 0
github.com/denkhaus/templ-router/pkg/router/services/config_loader.go:29.94,31.2 1 0
github.com/denkhaus/templ-router/pkg/router/services/config_loader.go:34.89,38.53 2 0
github.com/denkhaus/templ-router/pkg/router/services/config_loader.go:38.53,43.3 2 0
github.com/denkhaus/templ-router/pkg/router/services/config_loader.go:45.2,51.16 3 0
github.com/denkhaus/templ-router/pkg/router/services/config_loader.go:51.16,53.3 1 0
github.com/denkhaus/templ-router/pkg/router/services/config_loader.go:56.2,57.57 2 0
github.com/denkhaus/templ-router/pkg/router/services/config_loader.go:57.57,59.3 1 0
github.com/denkhaus/templ-router/pkg/router/services/config_loader.go:62.2,65.43 2 0
github.com/denkhaus/templ-router/pkg/router/services/config_loader.go:65.43,67.17 2 0
github.com/denkhaus/templ-router/pkg/router/services/config_loader.go:67.17,71.4 1 0
github.com/denkhaus/templ-router/pkg/router/services/config_loader.go:71.9,73.4 1 0
github.com/denkhaus/templ-router/pkg/router/services/config_loader.go:76.2,80.20 2 0
github.com/denkhaus/templ-router/pkg/router/services/config_loader.go:84.95,86.16 2 0
github.com/denkhaus/templ-router/pkg/router/services/config_loader.go:86.16,88.3 1 0
github.com/denkhaus/templ-router/pkg/router/services/config_loader.go:90.2,90.41 1 0
github.com/denkhaus/templ-router/pkg/router/services/config_loader.go:90.41,92.3 1 0
github.com/denkhaus/templ-router/pkg/router/services/config_loader.go:95.2,95.47 1 0
github.com/denkhaus/templ-router/pkg/router/services/config_loader.go:99.69,100.47 1 0
github.com/denkhaus/templ-router/pkg/router/services/config_loader.go:100.47,102.3 1 0
github.com/denkhaus/templ-router/pkg/router/services/config_loader.go:103.2,103.37 1 0
github.com/denkhaus/templ-router/pkg/router/services/config_loader.go:107.97,109.9 2 0
github.com/denkhaus/templ-router/pkg/router/services/config_loader.go:109.9,111.3 1 0
github.com/denkhaus/templ-router/pkg/router/services/config_loader.go:113.2,118.41 2 0
github.com/denkhaus/templ-router/pkg/router/services/config_loader.go:118.41,119.43 1 0
github.com/denkhaus/templ-router/pkg/router/services/config_loader.go:119.43,121.18 2 0
github.com/denkhaus/templ-router/pkg/router/services/config_loader.go:121.18,123.5 1 0
github.com/denkhaus/templ-router/pkg/router/services/config_loader.go:124.4,124.28 1 0
github.com/denkhaus/templ-router/pkg/router/services/config_loader.go:129.2,129.53 1 0
github.com/denkhaus/templ-router/pkg/router/services/config_loader.go:129.53,130.51 1 0
github.com/denkhaus/templ-router/pkg/router/services/config_loader.go:130.51,132.4 1 0
github.com/denkhaus/templ-router/pkg/router/services/config_loader.go:136.2,136.43 1 0
github.com/denkhaus/templ-router/pkg/router/services/config_loader.go:136.43,137.53 1 0
github.com/denkhaus/templ-router/pkg/router/services/config_loader.go:137.53,139.35 2 0
github.com/denkhaus/templ-router/pkg/router/services/config_loader.go:139.35,140.41 1 0
github.com/denkhaus/templ-router/pkg/router/services/config_loader.go:140.41,142.6 1 0
github.com/denkhaus/templ-router/pkg/router/services/config_loader.go:144.4,144.26 1 0
github.com/denkhaus/templ-router/pkg/router/services/config_loader.go:149.2,149.34 1 0
github.com/denkhaus/templ-router/pkg/router/services/config_loader.go:149.34,151.10 2 0
github.com/denkhaus/templ-router/pkg/router/services/config_loader.go:151.10,152.12 1 0
github.com/denkhaus/templ-router/pkg/router/services/config_loader.go:154.3,154.72 1 0
github.com/denkhaus/templ-router/pkg/router/services/config_loader.go:154.72,156.4 1 0
github.com/denkhaus/templ-router/pkg/router/services/config_loader.go:159.2,159.22 1 0
github.com/denkhaus/templ-router/pkg/router/services/config_loader.go:163.75,164.34 1 0
github.com/denkhaus/templ-router/pkg/router/services/config_loader.go:165.24,166.23 1 0
github.com/denkhaus/templ-router/pkg/router/services/config_loader.go:167.56,168.29 1 0
github.com/denkhaus/templ-router/pkg/router/services/config_loader.go:169.49,170.30 1 0
github.com/denkhaus/templ-router/pkg/router/services/config_loader.go:171.10,172.64 1 0
github.com/denkhaus/templ-router/pkg/router/services/data_service_resolver.go:18.84,25.2 2 0
github.com/denkhaus/templ-router/pkg/router/services/data_service_resolver.go:28.97,34.28 2 0
github.com/denkhaus/templ-router/pkg/router/services/data_service_resolver.go:34.28,38.3 1 0
github.com/denkhaus/templ-router/pkg/router/services/data_service_resolver.go:42.2,42.65 1 0
github.com/denkhaus/templ-router/pkg/router/services/data_service_resolver.go:46.122,49.16 2 0
github.com/denkhaus/templ-router/pkg/router/services/data_service_resolver.go:49.16,51.3 1 0
github.com/denkhaus/templ-router/pkg/router/services/data_service_resolver.go:54.2,54.71 1 0
github.com/denkhaus/templ-router/pkg/router/services/data_service_resolver.go:54.71,56.3 1 0
github.com/denkhaus/templ-router/pkg/router/services/data_service_resolver.go:59.2,60.28 2 0
github.com/denkhaus/templ-router/pkg/router/services/data_service_resolver.go:60.28,63.3 1 0
github.com/denkhaus/templ-router/pkg/router/services/data_service_resolver.go:66.2,70.8 1 0
github.com/denkhaus/templ-router/pkg/router/services/data_service_resolver.go:81.102,90.30 4 0
github.com/denkhaus/templ-router/pkg/router/services/data_service_resolver.go:90.30,93.3 2 0
github.com/denkhaus/templ-router/pkg/router/services/data_service_resolver.go:95.2,95.30 1 0
github.com/denkhaus/templ-router/pkg/router/services/data_service_resolver.go:95.30,101.3 1 0
github.com/denkhaus/templ-router/pkg/router/services/data_service_resolver.go:104.2,109.23 3 0
github.com/denkhaus/templ-router/pkg/router/services/data_service_resolver.go:109.23,114.3 1 0
github.com/denkhaus/templ-router/pkg/router/services/data_service_resolver.go:117.2,117.25 1 0
github.com/denkhaus/templ-router/pkg/router/services/data_service_resolver.go:117.25,119.3 1 0
github.com/denkhaus/templ-router/pkg/router/services/data_service_resolver.go:121.2,121.36 1 0
github.com/denkhaus/templ-router/pkg/router/services/data_service_resolver.go:125.105,129.35 2 0
github.com/denkhaus/templ-router/pkg/router/services/data_service_resolver.go:129.35,130.50 1 0
github.com/denkhaus/templ-router/pkg/router/services/data_service_resolver.go:130.50,132.64 2 0
github.com/denkhaus/templ-router/pkg/router/services/data_service_resolver.go:132.64,134.5 1 0
github.com/denkhaus/templ-router/pkg/router/services/data_service_resolver.go:138.2,138.12 1 0
github.com/denkhaus/templ-router/pkg/router/services/data_service_resolver.go:142.100,152.16 2 0
github.com/denkhaus/templ-router/pkg/router/services/data_service_resolver.go:152.16,158.3 1 0
github.com/denkhaus/templ-router/pkg/router/services/data_service_resolver.go:160.2,160.21 1 0
github.com/denkhaus/templ-router/pkg/router/services/data_service_resolver.go:164.77,167.2 2 0
github.com/denkhaus/templ-router/pkg/router/services/i18n_service.go:15.68,27.2 5 0
github.com/denkhaus/templ-router/pkg/router/services/i18n_service.go:30.70,35.38 2 0
github.com/denkhaus/templ-router/pkg/router/services/i18n_service.go:35.38,37.32 2 0
github.com/denkhaus/templ-router/pkg/router/services/i18n_service.go:37.32,42.4 2 0
github.com/denkhaus/templ-router/pkg/router/services/i18n_service.go:46.2,46.55 1 0
github.com/denkhaus/templ-router/pkg/router/services/i18n_service.go:46.55,48.32 2 0
github.com/denkhaus/templ-router/pkg/router/services/i18n_service.go:48.32,53.4 2 0
github.com/denkhaus/templ-router/pkg/router/services/i18n_service.go:57.2,57.71 1 0
github.com/denkhaus/templ-router/pkg/router/services/i18n_service.go:57.71,59.27 1 0
github.com/denkhaus/templ-router/pkg/router/services/i18n_service.go:59.27,61.33 2 0
github.com/denkhaus/templ-router/pkg/router/services/i18n_service.go:61.33,63.5 1 0
github.com/denkhaus/templ-router/pkg/router/services/i18n_service.go:68.2,68.45 1 0
github.com/denkhaus/templ-router/pkg/router/services/i18n_service.go:72.102,75.9 2 0
github.com/denkhaus/templ-router/pkg/router/services/i18n_service.go:75.9,80.3 2 0
github.com/denkhaus/templ-router/pkg/router/services/i18n_service.go:82.2,87.76 2 0
github.com/denkhaus/templ-router/pkg/router/services/i18n_service.go:87.76,92.3 1 0
github.com/denkhaus/templ-router/pkg/router/services/i18n_service.go:95.2,107.12 4 0
github.com/denkhaus/templ-router/pkg/router/services/i18n_service.go:112.126,115.9 2 0
github.com/denkhaus/templ-router/pkg/router/services/i18n_service.go:115.9,119.3 2 0
github.com/denkhaus/templ-router/pkg/router/services/i18n_service.go:122.2,123.9 2 0
github.com/denkhaus/templ-router/pkg/router/services/i18n_service.go:123.9,128.3 2 0
github.com/denkhaus/templ-router/pkg/router/services/i18n_service.go:129.2,129.41 1 0
github.com/denkhaus/templ-router/pkg/router/services/i18n_service.go:129.41,134.3 2 0
github.com/denkhaus/templ-router/pkg/router/services/i18n_service.go:137.2,138.16 2 0
github.com/denkhaus/templ-router/pkg/router/services/i18n_service.go:138.16,144.3 2 0
github.com/denkhaus/templ-router/pkg/router/services/i18n_service.go:148.2,148.48 1 0
github.com/denkhaus/templ-router/pkg/router/services/i18n_service.go:148.48,150.3 1 0
github.com/denkhaus/templ-router/pkg/router/services/i18n_service.go:152.2,157.12 2 0
github.com/denkhaus/templ-router/pkg/router/services/i18n_service.go:161.61,163.2 1 0
github.com/denkhaus/templ-router/pkg/router/services/i18n_service.go:166.64,168.45 2 0
github.com/denkhaus/templ-router/pkg/router/services/i18n_service.go:168.45,169.26 1 0
github.com/denkhaus/templ-router/pkg/router/services/i18n_service.go:169.26,171.4 1 0
github.com/denkhaus/templ-router/pkg/router/services/i18n_service.go:173.2,173.14 1 0
github.com/denkhaus/templ-router/pkg/router/services/i18n_service.go:177.80,179.2 1 0
github.com/denkhaus/templ-router/pkg/router/services/optimized_template_service.go:37.85,45.16 6 0
github.com/denkhaus/templ-router/pkg/router/services/optimized_template_service.go:45.16,47.3 1 0
github.com/denkhaus/templ-router/pkg/router/services/optimized_template_service.go:49.2,55.8 1 0
github.com/denkhaus/templ-router/pkg/router/services/optimized_template_service.go:59.160,65.48 3 1
github.com/denkhaus/templ-router/pkg/router/services/optimized_template_service.go:65.48,67.3 1 1
github.com/denkhaus/templ-router/pkg/router/services/optimized_template_service.go:69.2,69.55 1 1
github.com/denkhaus/templ-router/pkg/router/services/optimized_template_service.go:69.55,70.22 1 0
github.com/denkhaus/templ-router/pkg/router/services/optimized_template_service.go:70.22,72.4 1 0
github.com/denkhaus/templ-router/pkg/router/services/optimized_template_service.go:75.2,84.68 3 1
github.com/denkhaus/templ-router/pkg/router/services/optimized_template_service.go:84.68,85.52 1 1
github.com/denkhaus/templ-router/pkg/router/services/optimized_template_service.go:85.52,89.4 2 1
github.com/denkhaus/templ-router/pkg/router/services/optimized_template_service.go:93.2,94.16 2 1
github.com/denkhaus/templ-router/pkg/router/services/optimized_template_service.go:94.16,96.3 1 1
github.com/denkhaus/templ-router/pkg/router/services/optimized_template_service.go:99.2,101.23 2 1
github.com/denkhaus/templ-router/pkg/router/services/optimized_template_service.go:105.150,111.74 3 0
github.com/denkhaus/templ-router/pkg/router/services/optimized_template_service.go:111.74,112.75 1 0
github.com/denkhaus/templ-router/pkg/router/services/optimized_template_service.go:112.75,116.4 2 0
github.com/denkhaus/templ-router/pkg/router/services/optimized_template_service.go:120.2,124.63 3 0
github.com/denkhaus/templ-router/pkg/router/services/optimized_template_service.go:124.63,125.91 1 0
github.com/denkhaus/templ-router/pkg/router/services/optimized_template_service.go:125.91,129.86 2 0
github.com/denkhaus/templ-router/pkg/router/services/optimized_template_service.go:129.86,139.5 3 0
github.com/denkhaus/templ-router/pkg/router/services/optimized_template_service.go:143.2,145.21 2 0
github.com/denkhaus/templ-router/pkg/router/services/optimized_template_service.go:149.133,152.48 2 1
github.com/denkhaus/templ-router/pkg/router/services/optimized_template_service.go:152.48,154.3 1 0
github.com/denkhaus/templ-router/pkg/router/services/optimized_template_service.go:155.2,155.55 1 1
github.com/denkhaus/templ-router/pkg/router/services/optimized_template_service.go:155.55,156.22 1 0
github.com/denkhaus/templ-router/pkg/router/services/optimized_template_service.go:156.22,158.4 1 0
github.com/denkhaus/templ-router/pkg/router/services/optimized_template_service.go:162.2,163.76 2 1
github.com/denkhaus/templ-router/pkg/router/services/optimized_template_service.go:163.76,164.44 1 0
github.com/denkhaus/templ-router/pkg/router/services/optimized_template_service.go:164.44,165.86 1 0
github.com/denkhaus/templ-router/pkg/router/services/optimized_template_service.go:165.86,167.5 1 0
github.com/denkhaus/templ-router/pkg/router/services/optimized_template_service.go:172.2,173.61 2 1
github.com/denkhaus/templ-router/pkg/router/services/optimized_template_service.go:173.61,178.91 3 1
github.com/denkhaus/templ-router/pkg/router/services/optimized_template_service.go:178.91,180.4 1 1
github.com/denkhaus/templ-router/pkg/router/services/optimized_template_service.go:184.2,185.49 2 1
github.com/denkhaus/templ-router/pkg/router/services/optimized_template_service.go:185.49,186.67 1 0
github.com/denkhaus/templ-router/pkg/router/services/optimized_template_service.go:186.67,191.92 3 0
github.com/denkhaus/templ-router/pkg/router/services/optimized_template_service.go:191.92,198.5 2 0
github.com/denkhaus/templ-router/pkg/router/services/optimized_template_service.go:202.2,206.44 2 1
github.com/denkhaus/templ-router/pkg/router/services/optimized_template_service.go:210.188,214.51 2 1
github.com/denkhaus/templ-router/pkg/router/services/optimized_template_service.go:214.51,220.3 3 1
github.com/denkhaus/templ-router/pkg/router/services/optimized_template_service.go:223.2,223.57 1 1
github.com/denkhaus/templ-router/pkg/router/services/optimized_template_service.go:223.57,225.15 2 1
github.com/denkhaus/templ-router/pkg/router/services/optimized_template_service.go:225.15,229.4 1 1
github.com/denkhaus/templ-router/pkg/router/services/optimized_template_service.go:230.3,235.24 3 0
github.com/denkhaus/templ-router/pkg/router/services/optimized_template_service.go:239.2,239.39 1 0
github.com/denkhaus/templ-router/pkg/router/services/optimized_template_service.go:239.39,247.3 2 0
github.com/denkhaus/templ-router/pkg/router/services/optimized_template_service.go:250.2,250.51 1 0
github.com/denkhaus/templ-router/pkg/router/services/optimized_template_service.go:250.51,255.3 2 0
github.com/denkhaus/templ-router/pkg/router/services/optimized_template_service.go:257.2,262.44 2 0
github.com/denkhaus/templ-router/pkg/router/services/optimized_template_service.go:267.85,271.39 2 1
github.com/denkhaus/templ-router/pkg/router/services/optimized_template_service.go:271.39,273.3 1 1
github.com/denkhaus/templ-router/pkg/router/services/optimized_template_service.go:276.2,276.57 1 1
github.com/denkhaus/templ-router/pkg/router/services/optimized_template_service.go:276.57,278.3 1 1
github.com/denkhaus/templ-router/pkg/router/services/optimized_template_service.go:281.2,282.37 2 1
github.com/denkhaus/templ-router/pkg/router/services/optimized_template_service.go:282.37,284.3 1 1
github.com/denkhaus/templ-router/pkg/router/services/optimized_template_service.go:287.2,287.47 1 1
github.com/denkhaus/templ-router/pkg/router/services/optimized_template_service.go:287.47,289.3 1 0
github.com/denkhaus/templ-router/pkg/router/services/optimized_template_service.go:292.2,296.50 3 1
github.com/denkhaus/templ-router/pkg/router/services/optimized_template_service.go:300.89,301.22 1 1
github.com/denkhaus/templ-router/pkg/router/services/optimized_template_service.go:301.22,306.3 3 1
github.com/denkhaus/templ-router/pkg/router/services/optimized_template_service.go:309.2,310.44 2 1
github.com/denkhaus/templ-router/pkg/router/services/optimized_template_service.go:310.44,317.3 3 1
github.com/denkhaus/templ-router/pkg/router/services/optimized_template_service.go:319.2,320.21 2 1
github.com/denkhaus/templ-router/pkg/router/services/optimized_template_service.go:320.21,327.3 3 1
github.com/denkhaus/templ-router/pkg/router/services/optimized_template_service.go:329.2,329.24 1 1
github.com/denkhaus/templ-router/pkg/router/services/optimized_template_service.go:333.184,336.13 2 0
github.com/denkhaus/templ-router/pkg/router/services/optimized_template_service.go:336.13,341.3 1 0
github.com/denkhaus/templ-router/pkg/router/services/optimized_template_service.go:343.2,349.16 3 0
github.com/denkhaus/templ-router/pkg/router/services/optimized_template_service.go:349.16,356.3 1 0
github.com/denkhaus/templ-router/pkg/router/services/optimized_template_service.go:358.2,363.16 3 0
github.com/denkhaus/templ-router/pkg/router/services/optimized_template_service.go:363.16,365.3 1 0
github.com/denkhaus/templ-router/pkg/router/services/optimized_template_service.go:368.2,371.87 2 0
github.com/denkhaus/templ-router/pkg/router/services/optimized_template_service.go:375.169,379.38 2 0
github.com/denkhaus/templ-router/pkg/router/services/optimized_template_service.go:379.38,385.3 1 0
github.com/denkhaus/templ-router/pkg/router/services/optimized_template_service.go:388.2,394.31 3 0
github.com/denkhaus/templ-router/pkg/router/services/optimized_template_service.go:394.31,400.3 1 0
github.com/denkhaus/templ-router/pkg/router/services/optimized_template_service.go:403.2,404.9 2 0
github.com/denkhaus/templ-router/pkg/router/services/optimized_template_service.go:404.9,410.3 1 0
github.com/denkhaus/templ-router/pkg/router/services/optimized_template_service.go:412.2,416.23 2 0
github.com/denkhaus/templ-router/pkg/router/services/optimized_template_service.go:422.51,425.2 2 1
github.com/denkhaus/templ-router/pkg/router/services/parameter_validator.go:21.72,29.2 3 1
github.com/denkhaus/templ-router/pkg/router/services/parameter_validator.go:32.201,33.44 1 0
github.com/denkhaus/templ-router/pkg/router/services/parameter_validator.go:33.44,35.3 1 0
github.com/denkhaus/templ-router/pkg/router/services/parameter_validator.go:37.2,40.59 2 0
github.com/denkhaus/templ-router/pkg/router/services/parameter_validator.go:40.59,42.3 1 0
github.com/denkhaus/templ-router/pkg/router/services/parameter_validator.go:45.2,48.79 2 0
github.com/denkhaus/templ-router/pkg/router/services/parameter_validator.go:59.3,61.66 1 0
github.com/denkhaus/templ-router/pkg/router/services/parameter_validator.go:61.66,72.3 1 0
github.com/denkhaus/templ-router/pkg/router/services/parameter_validator.go:75.2,75.31 1 0
github.com/denkhaus/templ-router/pkg/router/services/parameter_validator.go:75.31,76.72 1 0
github.com/denkhaus/templ-router/pkg/router/services/parameter_validator.go:76.72,83.4 1 0
github.com/denkhaus/templ-router/pkg/router/services/parameter_validator.go:87.2,89.35 1 0
github.com/denkhaus/templ-router/pkg/router/services/parameter_validator.go:94.155,96.44 2 0
github.com/denkhaus/templ-router/pkg/router/services/parameter_validator.go:96.44,97.47 1 0
github.com/denkhaus/templ-router/pkg/router/services/parameter_validator.go:97.47,99.4 1 0
github.com/denkhaus/templ-router/pkg/router/services/parameter_validator.go:103.2,103.34 1 0
github.com/denkhaus/templ-router/pkg/router/services/parameter_validator.go:103.34,104.31 1 0
github.com/denkhaus/templ-router/pkg/router/services/parameter_validator.go:104.31,116.4 1 0
github.com/denkhaus/templ-router/pkg/router/services/parameter_validator.go:121.211,122.44 1 1
github.com/denkhaus/templ-router/pkg/router/services/parameter_validator.go:122.44,124.3 1 0
github.com/denkhaus/templ-router/pkg/router/services/parameter_validator.go:127.2,129.42 2 1
github.com/denkhaus/templ-router/pkg/router/services/parameter_validator.go:129.42,132.3 1 1
github.com/denkhaus/templ-router/pkg/router/services/parameter_validator.go:136.85,140.29 3 1
github.com/denkhaus/templ-router/pkg/router/services/parameter_validator.go:140.29,141.35 1 1
github.com/denkhaus/templ-router/pkg/router/services/parameter_validator.go:141.35,143.23 2 1
github.com/denkhaus/templ-router/pkg/router/services/parameter_validator.go:143.23,145.5 1 1
github.com/denkhaus/templ-router/pkg/router/services/parameter_validator.go:149.2,149.15 1 1
github.com/denkhaus/templ-router/pkg/router/services/parameter_validator.go:153.108,155.34 1 1
github.com/denkhaus/templ-router/pkg/router/services/parameter_validator.go:155.34,156.25 1 1
github.com/denkhaus/templ-router/pkg/router/services/parameter_validator.go:156.25,158.4 1 1
github.com/denkhaus/templ-router/pkg/router/services/parameter_validator.go:162.2,162.51 1 0
github.com/denkhaus/templ-router/pkg/router/services/parameter_validator.go:166.76,169.2 2 0
github.com/denkhaus/templ-router/pkg/router/services/parameter_validator.go:172.202,175.41 2 1
github.com/denkhaus/templ-router/pkg/router/services/parameter_validator.go:175.41,177.52 1 1
github.com/denkhaus/templ-router/pkg/router/services/parameter_validator.go:177.52,179.9 2 1
github.com/denkhaus/templ-router/pkg/router/services/parameter_validator.go:183.2,183.93 1 1
github.com/denkhaus/templ-router/pkg/router/services/parameter_validator.go:183.93,186.3 1 0
github.com/denkhaus/templ-router/pkg/router/services/parameter_validator.go:188.2,188.58 1 1
github.com/denkhaus/templ-router/pkg/router/services/parameter_validator.go:188.58,191.3 1 0
github.com/denkhaus/templ-router/pkg/router/services/parameter_validator.go:194.2,194.64 1 1
github.com/denkhaus/templ-router/pkg/router/services/parameter_validator.go:194.64,195.81 1 1
github.com/denkhaus/templ-router/pkg/router/services/parameter_validator.go:195.81,198.4 1 1
github.com/denkhaus/templ-router/pkg/router/services/parameter_validator.go:202.2,208.54 2 1
github.com/denkhaus/templ-router/pkg/router/services/parameter_validator.go:212.85,220.40 4 1
github.com/denkhaus/templ-router/pkg/router/services/parameter_validator.go:220.40,221.20 1 1
github.com/denkhaus/templ-router/pkg/router/services/parameter_validator.go:221.20,223.39 1 1
github.com/denkhaus/templ-router/pkg/router/services/parameter_validator.go:223.39,226.59 3 1
github.com/denkhaus/templ-router/pkg/router/services/parameter_validator.go:226.59,228.6 1 0
github.com/denkhaus/templ-router/pkg/router/services/parameter_validator.go:229.10,231.55 1 1
github.com/denkhaus/templ-router/pkg/router/services/parameter_validator.go:231.55,233.6 1 1
github.com/denkhaus/templ-router/pkg/router/services/parameter_validator.go:237.2,237.13 1 1
github.com/denkhaus/templ-router/pkg/router/services/parameter_validator.go:248.3,250.61 1 1
github.com/denkhaus/templ-router/pkg/router/services/parameter_validator.go:250.61,251.50 1 1
github.com/denkhaus/templ-router/pkg/router/services/parameter_validator.go:251.50,263.4 1 1
github.com/denkhaus/templ-router/pkg/router/services/parameter_validator.go:267.2,268.67 2 1
github.com/denkhaus/templ-router/pkg/router/services/parameter_validator.go:268.67,269.48 1 0
github.com/denkhaus/templ-router/pkg/router/services/parameter_validator.go:269.48,271.4 1 0
github.com/denkhaus/templ-router/pkg/router/services/parameter_validator.go:273.2,273.69 1 1
github.com/denkhaus/templ-router/pkg/router/services/parameter_validator.go:273.69,274.49 1 0
github.com/denkhaus/templ-router/pkg/router/services/parameter_validator.go:274.49,276.4 1 0
github.com/denkhaus/templ-router/pkg/router/services/parameter_validator.go:279.2,279.69 1 1
github.com/denkhaus/templ-router/pkg/router/services/parameter_validator.go:279.69,282.56 3 0
github.com/denkhaus/templ-router/pkg/router/services/parameter_validator.go:282.56,294.4 1 0
github.com/denkhaus/templ-router/pkg/router/services/parameter_validator.go:298.2,298.61 1 1
github.com/denkhaus/templ-router/pkg/router/services/parameter_validator.go:298.61,308.3 1 1
github.com/denkhaus/templ-router/pkg/router/services/parameter_validator.go:318.3,324.52 2 1
github.com/denkhaus/templ-router/pkg/router/services/parameter_validator.go:324.52,326.68 1 1
github.com/denkhaus/templ-router/pkg/router/services/parameter_validator.go:326.68,327.66 1 1
github.com/denkhaus/templ-router/pkg/router/services/parameter_validator.go:327.66,339.5 1 1
github.com/denkhaus/templ-router/pkg/router/services/parameter_validator.go:345.89,347.37 2 1
github.com/denkhaus/templ-router/pkg/router/services/parameter_validator.go:347.37,349.3 1 1
github.com/denkhaus/templ-router/pkg/router/services/parameter_validator.go:351.2,351.41 1 1
github.com/denkhaus/templ-router/pkg/router/services/parameter_validator.go:351.41,352.29 1 1
github.com/denkhaus/templ-router/pkg/router/services/parameter_validator.go:352.29,354.4 1 1
github.com/denkhaus/templ-router/pkg/router/services/parameter_validator.go:356.2,356.13 1 1
github.com/denkhaus/templ-router/pkg/router/services/parameter_validator.go:360.83,362.27 2 0
github.com/denkhaus/templ-router/pkg/router/services/parameter_validator.go:362.27,363.32 1 0
github.com/denkhaus/templ-router/pkg/router/services/parameter_validator.go:363.32,365.4 1 0
github.com/denkhaus/templ-router/pkg/router/services/parameter_validator.go:365.9,367.4 1 0
github.com/denkhaus/templ-router/pkg/router/services/parameter_validator.go:369.2,369.15 1 0
github.com/denkhaus/templ-router/pkg/router/services/route_converter.go:23.63,28.2 2 0
github.com/denkhaus/templ-router/pkg/router/services/route_converter.go:31.75,41.20 3 0
github.com/denkhaus/templ-router/pkg/router/services/route_converter.go:41.20,45.3 2 0
github.com/denkhaus/templ-router/pkg/router/services/route_converter.go:45.8,47.3 1 0
github.com/denkhaus/templ-router/pkg/router/services/route_converter.go:50.2,59.15 4 0
github.com/denkhaus/templ-router/pkg/router/services/route_converter.go:59.15,61.3 1 0
github.com/denkhaus/templ-router/pkg/router/services/route_converter.go:61.8,61.41 1 0
github.com/denkhaus/templ-router/pkg/router/services/route_converter.go:61.41,63.3 1 0
github.com/denkhaus/templ-router/pkg/router/services/route_converter.go:65.2,69.12 2 0
github.com/denkhaus/templ-router/pkg/router/services/route_converter.go:73.78,85.20 3 0
github.com/denkhaus/templ-router/pkg/router/services/route_converter.go:85.20,88.3 1 0
github.com/denkhaus/templ-router/pkg/router/services/route_converter.go:91.2,99.14 4 0
github.com/denkhaus/templ-router/pkg/router/services/route_converter.go:103.78,109.50 3 0
github.com/denkhaus/templ-router/pkg/router/services/route_converter.go:109.50,114.3 2 0
github.com/denkhaus/templ-router/pkg/router/services/route_converter.go:117.2,118.39 2 0
github.com/denkhaus/templ-router/pkg/router/services/route_converter.go:118.39,119.45 1 0
github.com/denkhaus/templ-router/pkg/router/services/route_converter.go:119.45,125.4 4 0
github.com/denkhaus/templ-router/pkg/router/services/route_converter.go:129.2,129.39 1 0
github.com/denkhaus/templ-router/pkg/router/services/route_converter.go:129.39,130.71 1 0
github.com/denkhaus/templ-router/pkg/router/services/route_converter.go:130.71,136.4 4 0
github.com/denkhaus/templ-router/pkg/router/services/route_converter.go:139.2,143.26 2 0
github.com/denkhaus/templ-router/pkg/router/services/route_converter.go:147.52,148.13 1 0
github.com/denkhaus/templ-router/pkg/router/services/route_converter.go:148.13,150.3 1 0
github.com/denkhaus/templ-router/pkg/router/services/route_converter.go:151.2,151.25 1 0
github.com/denkhaus/templ-router/pkg/router/services/route_converter.go:151.25,152.31 1 0
github.com/denkhaus/templ-router/pkg/router/services/route_converter.go:152.31,154.4 1 0
github.com/denkhaus/templ-router/pkg/router/services/route_converter.go:156.2,156.13 1 0
github.com/denkhaus/templ-router/pkg/router/services/route_discovery.go:23.74,35.2 5 1
github.com/denkhaus/templ-router/pkg/router/services/route_discovery.go:38.91,51.54 5 1
github.com/denkhaus/templ-router/pkg/router/services/route_discovery.go:51.54,53.52 1 1
github.com/denkhaus/templ-router/pkg/router/services/route_discovery.go:53.52,57.12 2 1
github.com/denkhaus/templ-router/pkg/router/services/route_discovery.go:61.3,63.26 3 0
github.com/denkhaus/templ-router/pkg/router/services/route_discovery.go:63.26,64.94 1 0
github.com/denkhaus/templ-router/pkg/router/services/route_discovery.go:64.94,66.5 1 0
github.com/denkhaus/templ-router/pkg/router/services/route_discovery.go:70.3,85.46 4 0
github.com/denkhaus/templ-router/pkg/router/services/route_discovery.go:85.46,92.27 3 0
github.com/denkhaus/templ-router/pkg/router/services/route_discovery.go:92.27,99.5 2 0
github.com/denkhaus/templ-router/pkg/router/services/route_discovery.go:99.10,104.5 1 0
github.com/denkhaus/templ-router/pkg/router/services/route_discovery.go:105.9,109.4 1 0
github.com/denkhaus/templ-router/pkg/router/services/route_discovery.go:112.3,130.69 3 0
github.com/denkhaus/templ-router/pkg/router/services/route_discovery.go:133.2,137.20 2 1
github.com/denkhaus/templ-router/pkg/router/services/route_discovery.go:141.95,154.29 5 1
github.com/denkhaus/templ-router/pkg/router/services/route_discovery.go:154.29,155.17 1 1
github.com/denkhaus/templ-router/pkg/router/services/route_discovery.go:155.17,156.12 1 1
github.com/denkhaus/templ-router/pkg/router/services/route_discovery.go:160.3,160.35 1 1
github.com/denkhaus/templ-router/pkg/router/services/route_discovery.go:160.35,164.4 2 0
github.com/denkhaus/templ-router/pkg/router/services/route_discovery.go:164.9,164.118 1 1
github.com/denkhaus/templ-router/pkg/router/services/route_discovery.go:164.118,167.4 1 1
github.com/denkhaus/templ-router/pkg/router/services/route_discovery.go:167.9,167.74 1 1
github.com/denkhaus/templ-router/pkg/router/services/route_discovery.go:167.74,171.4 2 1
github.com/denkhaus/templ-router/pkg/router/services/route_discovery.go:171.9,173.4 1 1
github.com/denkhaus/templ-router/pkg/router/services/route_discovery.go:177.2,179.65 2 1
github.com/denkhaus/templ-router/pkg/router/services/route_discovery.go:186.107,189.39 2 0
github.com/denkhaus/templ-router/pkg/router/services/route_discovery.go:189.39,195.3 3 0
github.com/denkhaus/templ-router/pkg/router/services/route_discovery.go:200.2,203.89 2 0
github.com/denkhaus/templ-router/pkg/router/services/route_discovery.go:203.89,207.55 2 0
github.com/denkhaus/templ-router/pkg/router/services/route_discovery.go:207.55,210.27 2 0
github.com/denkhaus/templ-router/pkg/router/services/route_discovery.go:210.27,221.36 3 0
github.com/denkhaus/templ-router/pkg/router/services/route_discovery.go:221.36,227.6 2 0
github.com/denkhaus/templ-router/pkg/router/services/route_discovery.go:232.2,235.11 2 0
github.com/denkhaus/templ-router/pkg/router/services/route_discovery.go:239.101,243.21 2 0
github.com/denkhaus/templ-router/pkg/router/services/route_discovery.go:243.21,245.3 1 0
github.com/denkhaus/templ-router/pkg/router/services/route_discovery.go:248.2,248.72 1 0
github.com/denkhaus/templ-router/pkg/router/services/route_discovery.go:248.72,251.3 1 0
github.com/denkhaus/templ-router/pkg/router/services/route_discovery.go:254.2,254.39 1 0
github.com/denkhaus/templ-router/pkg/router/services/route_discovery.go:254.39,257.3 1 0
github.com/denkhaus/templ-router/pkg/router/services/route_discovery.go:259.2,259.21 1 0
github.com/denkhaus/templ-router/pkg/router/services/route_discovery.go:259.21,262.3 1 0
github.com/denkhaus/templ-router/pkg/router/services/route_discovery.go:264.2,264.21 1 0
github.com/denkhaus/templ-router/pkg/router/services/route_discovery.go:264.21,267.3 1 0
github.com/denkhaus/templ-router/pkg/router/services/route_discovery.go:269.2,269.11 1 0
github.com/denkhaus/templ-router/pkg/router/services/route_discovery.go:274.89,279.55 2 0
github.com/denkhaus/templ-router/pkg/router/services/route_discovery.go:279.55,281.82 1 0
github.com/denkhaus/templ-router/pkg/router/services/route_discovery.go:281.82,286.26 3 0
github.com/denkhaus/templ-router/pkg/router/services/route_discovery.go:286.26,288.5 1 0
github.com/denkhaus/templ-router/pkg/router/services/route_discovery.go:293.2,293.61 1 0
github.com/denkhaus/templ-router/pkg/router/services/route_discovery.go:297.122,307.69 4 0
github.com/denkhaus/templ-router/pkg/router/services/route_discovery.go:307.69,309.30 1 0
github.com/denkhaus/templ-router/pkg/router/services/route_discovery.go:309.30,312.4 2 0
github.com/denkhaus/templ-router/pkg/router/services/route_discovery.go:315.2,315.11 1 0
github.com/denkhaus/templ-router/pkg/router/services/route_discovery.go:319.79,327.29 3 0
github.com/denkhaus/templ-router/pkg/router/services/route_discovery.go:327.29,328.17 1 0
github.com/denkhaus/templ-router/pkg/router/services/route_discovery.go:328.17,329.12 1 0
github.com/denkhaus/templ-router/pkg/router/services/route_discovery.go:332.3,332.35 1 0
github.com/denkhaus/templ-router/pkg/router/services/route_discovery.go:332.35,336.4 2 0
github.com/denkhaus/templ-router/pkg/router/services/route_discovery.go:336.9,336.94 1 0
github.com/denkhaus/templ-router/pkg/router/services/route_discovery.go:336.94,339.4 1 0
github.com/denkhaus/templ-router/pkg/router/services/route_discovery.go:339.9,341.4 1 0
github.com/denkhaus/templ-router/pkg/router/services/route_discovery.go:344.2,344.51 1 0
github.com/denkhaus/templ-router/pkg/router/services/route_discovery.go:348.81,355.29 3 0
github.com/denkhaus/templ-router/pkg/router/services/route_discovery.go:355.29,356.35 1 0
github.com/denkhaus/templ-router/pkg/router/services/route_discovery.go:356.35,359.4 1 0
github.com/denkhaus/templ-router/pkg/router/services/route_discovery.go:359.9,362.4 1 0
github.com/denkhaus/templ-router/pkg/router/services/route_discovery.go:365.2,365.19 1 0
github.com/denkhaus/templ-router/pkg/router/services/route_discovery.go:369.101,374.94 3 0
github.com/denkhaus/templ-router/pkg/router/services/route_discovery.go:374.94,375.17 1 0
github.com/denkhaus/templ-router/pkg/router/services/route_discovery.go:375.17,377.4 1 0
github.com/denkhaus/templ-router/pkg/router/services/route_discovery.go:380.3,380.12 1 0
github.com/denkhaus/templ-router/pkg/router/services/route_discovery.go:380.12,382.4 1 0
github.com/denkhaus/templ-router/pkg/router/services/route_discovery.go:385.3,385.33 1 0
github.com/denkhaus/templ-router/pkg/router/services/route_discovery.go:385.33,387.4 1 0
github.com/denkhaus/templ-router/pkg/router/services/route_discovery.go:389.3,390.17 2 0
github.com/denkhaus/templ-router/pkg/router/services/route_discovery.go:390.17,395.4 2 0
github.com/denkhaus/templ-router/pkg/router/services/route_discovery.go:397.3,398.13 2 0
github.com/denkhaus/templ-router/pkg/router/services/route_discovery.go:401.2,401.16 1 0
github.com/denkhaus/templ-router/pkg/router/services/route_discovery.go:401.16,406.3 1 0
github.com/denkhaus/templ-router/pkg/router/services/route_discovery.go:408.2,412.21 2 0
github.com/denkhaus/templ-router/pkg/router/services/route_discovery.go:416.107,421.94 3 0
github.com/denkhaus/templ-router/pkg/router/services/route_discovery.go:421.94,422.17 1 0
github.com/denkhaus/templ-router/pkg/router/services/route_discovery.go:422.17,424.4 1 0
github.com/denkhaus/templ-router/pkg/router/services/route_discovery.go:427.3,427.12 1 0
github.com/denkhaus/templ-router/pkg/router/services/route_discovery.go:427.12,429.4 1 0
github.com/denkhaus/templ-router/pkg/router/services/route_discovery.go:432.3,432.32 1 0
github.com/denkhaus/templ-router/pkg/router/services/route_discovery.go:432.32,434.4 1 0
github.com/denkhaus/templ-router/pkg/router/services/route_discovery.go:436.3,437.17 2 0
github.com/denkhaus/templ-router/pkg/router/services/route_discovery.go:437.17,442.4 2 0
github.com/denkhaus/templ-router/pkg/router/services/route_discovery.go:444.3,445.13 2 0
github.com/denkhaus/templ-router/pkg/router/services/route_discovery.go:448.2,448.16 1 0
github.com/denkhaus/templ-router/pkg/router/services/route_discovery.go:448.16,453.3 1 0
github.com/denkhaus/templ-router/pkg/router/services/route_discovery.go:455.2,459.28 2 0
github.com/denkhaus/templ-router/pkg/router/services/route_discovery.go:463.66,465.2 1 0
github.com/denkhaus/templ-router/pkg/router/services/route_discovery.go:468.65,470.2 1 0
github.com/denkhaus/templ-router/pkg/router/services/route_discovery.go:473.122,475.16 2 0
github.com/denkhaus/templ-router/pkg/router/services/route_discovery.go:475.16,481.3 1 0
github.com/denkhaus/templ-router/pkg/router/services/route_discovery.go:484.2,492.20 3 0
github.com/denkhaus/templ-router/pkg/router/services/route_discovery.go:496.128,498.16 2 0
github.com/denkhaus/templ-router/pkg/router/services/route_discovery.go:498.16,504.3 1 0
github.com/denkhaus/templ-router/pkg/router/services/route_discovery.go:507.2,517.27 3 0
github.com/denkhaus/templ-router/pkg/router/services/route_discovery.go:521.76,524.29 2 0
github.com/denkhaus/templ-router/pkg/router/services/route_discovery.go:524.29,525.38 1 0
github.com/denkhaus/templ-router/pkg/router/services/route_discovery.go:525.38,527.37 1 0
github.com/denkhaus/templ-router/pkg/router/services/route_discovery.go:527.37,529.5 1 0
github.com/denkhaus/templ-router/pkg/router/services/route_discovery.go:530.4,530.37 1 0
github.com/denkhaus/templ-router/pkg/router/services/route_discovery.go:530.37,532.5 1 0
github.com/denkhaus/templ-router/pkg/router/services/route_discovery.go:533.4,533.37 1 0
github.com/denkhaus/templ-router/pkg/router/services/route_discovery.go:533.37,535.5 1 0
github.com/denkhaus/templ-router/pkg/router/services/route_discovery.go:538.2,538.18 1 0
github.com/denkhaus/templ-router/pkg/router/services/route_validator.go:27.63,37.2 4 0
github.com/denkhaus/templ-router/pkg/router/services/route_validator.go:40.105,41.30 1 0
github.com/denkhaus/templ-router/pkg/router/services/route_validator.go:41.30,49.3 2 0
github.com/denkhaus/templ-router/pkg/router/services/route_validator.go:52.2,52.51 1 0
github.com/denkhaus/templ-router/pkg/router/services/route_validator.go:52.51,60.3 2 0
github.com/denkhaus/templ-router/pkg/router/services/route_validator.go:62.2,64.46 1 0
github.com/denkhaus/templ-router/pkg/router/services/route_validator.go:68.125,69.19 1 0
github.com/denkhaus/templ-router/pkg/router/services/route_validator.go:69.19,77.3 2 0
github.com/denkhaus/templ-router/pkg/router/services/route_validator.go:80.2,81.26 2 0
github.com/denkhaus/templ-router/pkg/router/services/route_validator.go:81.26,83.3 1 0
github.com/denkhaus/templ-router/pkg/router/services/route_validator.go:85.2,87.41 1 0
github.com/denkhaus/templ-router/pkg/router/services/route_validator.go:91.103,94.24 2 0
github.com/denkhaus/templ-router/pkg/router/services/route_validator.go:94.24,98.64 3 0
github.com/denkhaus/templ-router/pkg/router/services/route_validator.go:98.64,109.4 1 0
github.com/denkhaus/templ-router/pkg/router/services/route_validator.go:109.9,111.4 1 0
github.com/denkhaus/templ-router/pkg/router/services/route_validator.go:115.2,115.50 1 0
github.com/denkhaus/templ-router/pkg/router/services/route_validator.go:119.127,122.26 2 0
github.com/denkhaus/templ-router/pkg/router/services/route_validator.go:122.26,125.3 2 0
github.com/denkhaus/templ-router/pkg/router/services/route_validator.go:128.2,130.50 1 0
github.com/denkhaus/templ-router/pkg/router/services/route_validator.go:134.66,137.22 2 0
github.com/denkhaus/templ-router/pkg/router/services/route_validator.go:137.22,139.3 1 0
github.com/denkhaus/templ-router/pkg/router/services/route_validator.go:140.2,140.25 1 0
github.com/denkhaus/templ-router/pkg/router/services/route_validator.go:144.110,145.35 1 0
github.com/denkhaus/templ-router/pkg/router/services/route_validator.go:145.35,146.40 1 0
github.com/denkhaus/templ-router/pkg/router/services/route_validator.go:146.40,147.61 1 0
github.com/denkhaus/templ-router/pkg/router/services/route_validator.go:147.61,159.5 1 0
github.com/denkhaus/templ-router/pkg/router/services/route_validator.go:165.72,169.32 3 0
github.com/denkhaus/templ-router/pkg/router/services/route_validator.go:169.32,171.3 1 0
github.com/denkhaus/templ-router/pkg/router/services/route_validator.go:173.2,173.35 1 0
github.com/denkhaus/templ-router/pkg/router/services/route_validator.go:173.35,177.77 2 0
github.com/denkhaus/templ-router/pkg/router/services/route_validator.go:177.77,179.4 1 0
github.com/denkhaus/templ-router/pkg/router/services/route_validator.go:182.2,182.13 1 0
github.com/denkhaus/templ-router/pkg/router/services/template_key_resolver.go:18.116,23.2 1 0
github.com/denkhaus/templ-router/pkg/router/services/template_key_resolver.go:26.99,32.61 2 0
github.com/denkhaus/templ-router/pkg/router/services/template_key_resolver.go:32.61,37.3 2 0
github.com/denkhaus/templ-router/pkg/router/services/template_key_resolver.go:40.2,41.45 2 0
github.com/denkhaus/templ-router/pkg/router/services/template_key_resolver.go:41.45,43.61 1 0
github.com/denkhaus/templ-router/pkg/router/services/template_key_resolver.go:43.61,49.4 2 0
github.com/denkhaus/templ-router/pkg/router/services/template_key_resolver.go:53.2,55.26 2 0
github.com/denkhaus/templ-router/pkg/router/services/template_key_resolver.go:55.26,60.3 2 0
github.com/denkhaus/templ-router/pkg/router/services/template_key_resolver.go:62.2,67.18 2 0
github.com/denkhaus/templ-router/pkg/router/services/template_key_resolver.go:71.86,76.50 3 0
github.com/denkhaus/templ-router/pkg/router/services/template_key_resolver.go:76.50,81.3 2 0
github.com/denkhaus/templ-router/pkg/router/services/template_key_resolver.go:84.2,84.36 1 0
github.com/denkhaus/templ-router/pkg/router/services/template_key_resolver.go:84.36,85.46 1 0
github.com/denkhaus/templ-router/pkg/router/services/template_key_resolver.go:85.46,91.4 4 0
github.com/denkhaus/templ-router/pkg/router/services/template_key_resolver.go:94.2,94.26 1 0
github.com/denkhaus/templ-router/pkg/router/services/template_key_resolver.go:98.90,105.2 3 0
github.com/denkhaus/templ-router/pkg/router/services/template_key_resolver.go:108.58,109.13 1 0
github.com/denkhaus/templ-router/pkg/router/services/template_key_resolver.go:109.13,111.3 1 0
github.com/denkhaus/templ-router/pkg/router/services/template_key_resolver.go:112.2,112.25 1 0
github.com/denkhaus/templ-router/pkg/router/services/template_key_resolver.go:112.25,113.31 1 0
github.com/denkhaus/templ-router/pkg/router/services/template_key_resolver.go:113.31,115.4 1 0
github.com/denkhaus/templ-router/pkg/router/services/template_key_resolver.go:117.2,117.13 1 0
github.com/denkhaus/templ-router/pkg/router/services/translation_store.go:23.75,32.2 3 0
github.com/denkhaus/templ-router/pkg/router/services/translation_store.go:34.84,39.52 3 0
github.com/denkhaus/templ-router/pkg/router/services/translation_store.go:39.52,40.60 1 0
github.com/denkhaus/templ-router/pkg/router/services/translation_store.go:40.60,41.60 1 0
github.com/denkhaus/templ-router/pkg/router/services/translation_store.go:41.60,48.5 2 0
github.com/denkhaus/templ-router/pkg/router/services/translation_store.go:54.2,54.20 1 0
github.com/denkhaus/templ-router/pkg/router/services/translation_store.go:54.20,55.53 1 0
github.com/denkhaus/templ-router/pkg/router/services/translation_store.go:55.53,56.55 1 0
github.com/denkhaus/templ-router/pkg/router/services/translation_store.go:56.55,57.57 1 0
github.com/denkhaus/templ-router/pkg/router/services/translation_store.go:57.57,64.6 2 0
github.com/denkhaus/templ-router/pkg/router/services/translation_store.go:69.2,72.18 2 0
github.com/denkhaus/templ-router/pkg/router/services/translation_store.go:75.65,77.2 1 0
github.com/denkhaus/templ-router/pkg/router/services/translation_store.go:79.78,87.19 5 0
github.com/denkhaus/templ-router/pkg/router/services/translation_store.go:87.19,90.3 2 0
github.com/denkhaus/templ-router/pkg/router/services/translation_store.go:93.2,94.32 2 0
github.com/denkhaus/templ-router/pkg/router/services/translation_store.go:94.32,99.20 4 0
github.com/denkhaus/templ-router/pkg/router/services/translation_store.go:99.20,100.64 1 0
github.com/denkhaus/templ-router/pkg/router/services/translation_store.go:100.64,104.5 3 0
github.com/denkhaus/templ-router/pkg/router/services/translation_store.go:109.2,110.16 2 0
github.com/denkhaus/templ-router/pkg/router/services/translation_store.go:110.16,115.3 3 0
github.com/denkhaus/templ-router/pkg/router/services/translation_store.go:116.2,116.12 1 0
github.com/denkhaus/templ-router/pkg/router/services/translation_store.go:119.85,127.16 4 0
github.com/denkhaus/templ-router/pkg/router/services/translation_store.go:127.16,129.22 1 0
github.com/denkhaus/templ-router/pkg/router/services/translation_store.go:129.22,136.4 2 0
github.com/denkhaus/templ-router/pkg/router/services/translation_store.go:138.3,138.13 1 0
github.com/denkhaus/templ-router/pkg/router/services/translation_store.go:141.2,141.19 1 0
github.com/denkhaus/templ-router/pkg/router/services/translation_store.go:141.19,144.3 2 0
github.com/denkhaus/templ-router/pkg/router/services/translation_store.go:147.2,150.41 3 0
github.com/denkhaus/templ-router/pkg/router/services/translation_store.go:150.41,152.3 1 0
github.com/denkhaus/templ-router/pkg/router/services/translation_store.go:155.2,155.36 1 0
github.com/denkhaus/templ-router/pkg/router/services/translation_store.go:155.36,160.60 2 0
github.com/denkhaus/templ-router/pkg/router/services/translation_store.go:160.60,161.51 1 0
github.com/denkhaus/templ-router/pkg/router/services/translation_store.go:161.51,163.5 1 0
github.com/denkhaus/templ-router/pkg/router/services/translation_store.go:164.4,164.41 1 0
github.com/denkhaus/templ-router/pkg/router/services/translation_store.go:164.41,166.5 1 0
github.com/denkhaus/templ-router/pkg/router/services/translation_store.go:167.4,170.40 1 0
github.com/denkhaus/templ-router/pkg/router/services/translation_store.go:172.8,175.28 2 0
github.com/denkhaus/templ-router/pkg/router/services/translation_store.go:175.28,181.49 2 0
github.com/denkhaus/templ-router/pkg/router/services/translation_store.go:181.49,183.5 1 0
github.com/denkhaus/templ-router/pkg/router/services/translation_store.go:184.4,184.41 1 0
github.com/denkhaus/templ-router/pkg/router/services/translation_store.go:184.41,186.5 1 0
github.com/denkhaus/templ-router/pkg/router/services/translation_store.go:190.2,194.12 2 0
github.com/denkhaus/templ-router/pkg/router/services/translation_store.go:198.84,205.45 5 0
github.com/denkhaus/templ-router/pkg/router/services/translation_store.go:205.45,211.20 4 0
github.com/denkhaus/templ-router/pkg/router/services/translation_store.go:211.20,214.12 3 0
github.com/denkhaus/templ-router/pkg/router/services/translation_store.go:218.3,218.65 1 0
github.com/denkhaus/templ-router/pkg/router/services/translation_store.go:218.65,223.4 2 0
github.com/denkhaus/templ-router/pkg/router/services/translation_store.go:223.9,229.4 4 0
github.com/denkhaus/templ-router/pkg/router/services/translation_store.go:233.2,238.19 5 0
github.com/denkhaus/templ-router/pkg/router/services/translation_store.go:238.19,239.63 1 0
github.com/denkhaus/templ-router/pkg/router/services/translation_store.go:239.63,244.4 2 0
github.com/denkhaus/templ-router/pkg/router/services/translation_store.go:244.9,249.4 4 0
github.com/denkhaus/templ-router/pkg/router/services/translation_store.go:252.2,258.21 2 0
github.com/denkhaus/templ-router/pkg/router/services/translation_store.go:258.21,260.3 1 0
github.com/denkhaus/templ-router/pkg/router/services/translation_store.go:262.2,262.12 1 0
github.com/denkhaus/templ-router/pkg/router/services/validation_orchestrator.go:23.85,29.16 4 0
github.com/denkhaus/templ-router/pkg/router/services/validation_orchestrator.go:29.16,31.3 1 0
github.com/denkhaus/templ-router/pkg/router/services/validation_orchestrator.go:33.2,34.16 2 0
github.com/denkhaus/templ-router/pkg/router/services/validation_orchestrator.go:34.16,36.3 1 0
github.com/denkhaus/templ-router/pkg/router/services/validation_orchestrator.go:38.2,39.16 2 0
github.com/denkhaus/templ-router/pkg/router/services/validation_orchestrator.go:39.16,41.3 1 0
github.com/denkhaus/templ-router/pkg/router/services/validation_orchestrator.go:43.2,49.8 1 0
github.com/denkhaus/templ-router/pkg/router/services/validation_orchestrator.go:53.129,64.24 4 0
github.com/denkhaus/templ-router/pkg/router/services/validation_orchestrator.go:64.24,67.3 1 0
github.com/denkhaus/templ-router/pkg/router/services/validation_orchestrator.go:69.2,72.12 2 0
github.com/denkhaus/templ-router/pkg/router/services/validation_orchestrator.go:76.131,86.24 3 0
github.com/denkhaus/templ-router/pkg/router/services/validation_orchestrator.go:86.24,90.3 3 0
github.com/denkhaus/templ-router/pkg/router/services/validation_orchestrator.go:93.2,95.15 2 0
github.com/denkhaus/templ-router/pkg/router/services/validation_orchestrator.go:99.206,113.2 5 0
github.com/denkhaus/templ-router/pkg/router/services/validation_orchestrator.go:116.100,119.31 2 0
github.com/denkhaus/templ-router/pkg/router/services/validation_orchestrator.go:119.31,121.23 2 0
github.com/denkhaus/templ-router/pkg/router/services/validation_orchestrator.go:121.23,123.4 1 0
github.com/denkhaus/templ-router/pkg/router/services/validation_orchestrator.go:126.2,126.21 1 0
github.com/denkhaus/templ-router/pkg/router/services/validation_orchestrator.go:130.106,137.41 3 0
github.com/denkhaus/templ-router/pkg/router/services/validation_orchestrator.go:137.41,141.32 2 0
github.com/denkhaus/templ-router/pkg/router/services/validation_orchestrator.go:141.32,142.32 1 0
github.com/denkhaus/templ-router/pkg/router/services/validation_orchestrator.go:142.32,144.10 2 0
github.com/denkhaus/templ-router/pkg/router/services/validation_orchestrator.go:149.2,149.16 1 0
github.com/denkhaus/templ-router/pkg/router/services/validation_orchestrator.go:153.82,154.36 1 0
github.com/denkhaus/templ-router/pkg/router/services/validation_orchestrator.go:154.36,161.3 1 0
github.com/denkhaus/templ-router/pkg/router/services/validation_orchestrator.go:163.2,163.39 1 0
github.com/denkhaus/templ-router/pkg/router/services/validation_orchestrator.go:163.39,170.3 1 0
github.com/denkhaus/templ-router/pkg/router/services/validation_types.go:28.46,30.2 1 0
github.com/denkhaus/templ-router/pkg/router/services/validation_types.go:33.48,35.2 1 0
github.com/denkhaus/templ-router/pkg/router/services/validation_types.go:38.109,46.2 1 0
github.com/denkhaus/templ-router/pkg/router/services/validation_types.go:49.111,57.2 1 0
github.com/denkhaus/templ-router/pkg/router/services/validation_types.go:60.49,62.2 1 0
github.com/denkhaus/templ-router/pkg/router/services/validation_types.go:65.51,67.2 1 0
github.com/denkhaus/templ-router/pkg/router/services/validation_types.go:70.81,72.32 2 0
github.com/denkhaus/templ-router/pkg/router/services/validation_types.go:72.32,73.28 1 0
github.com/denkhaus/templ-router/pkg/router/services/validation_types.go:73.28,75.4 1 0
github.com/denkhaus/templ-router/pkg/router/services/validation_types.go:77.2,77.15 1 0
github.com/denkhaus/templ-router/pkg/router/services/validation_types.go:81.87,83.35 2 0
github.com/denkhaus/templ-router/pkg/router/services/validation_types.go:83.35,84.31 1 0
github.com/denkhaus/templ-router/pkg/router/services/validation_types.go:84.31,86.4 1 0
github.com/denkhaus/templ-router/pkg/router/services/validation_types.go:88.2,88.17 1 0
github.com/denkhaus/templ-router/pkg/router/services/validation_types.go:92.60,93.18 1 0
github.com/denkhaus/templ-router/pkg/router/services/validation_types.go:93.18,95.3 1 0
github.com/denkhaus/templ-router/pkg/router/services/validation_types.go:96.2,97.54 2 0
github.com/denkhaus/templ-router/pkg/config/accessors.go:6.49,8.2 1 1
github.com/denkhaus/templ-router/pkg/config/accessors.go:10.46,12.2 1 1
github.com/denkhaus/templ-router/pkg/config/accessors.go:14.52,16.2 1 1
github.com/denkhaus/templ-router/pkg/config/accessors.go:18.63,20.2 1 1
github.com/denkhaus/templ-router/pkg/config/accessors.go:22.64,24.2 1 1
github.com/denkhaus/templ-router/pkg/config/accessors.go:26.63,28.2 1 1
github.com/denkhaus/templ-router/pkg/config/accessors.go:30.67,32.2 1 1
github.com/denkhaus/templ-router/pkg/config/accessors.go:35.57,37.2 1 1
github.com/denkhaus/templ-router/pkg/config/accessors.go:39.52,41.2 1 1
github.com/denkhaus/templ-router/pkg/config/accessors.go:43.53,45.2 1 1
github.com/denkhaus/templ-router/pkg/config/accessors.go:48.58,50.2 1 1
github.com/denkhaus/templ-router/pkg/config/accessors.go:52.60,54.2 1 1
github.com/denkhaus/templ-router/pkg/config/accessors.go:56.60,58.2 1 1
github.com/denkhaus/templ-router/pkg/config/accessors.go:60.53,62.2 1 1
github.com/denkhaus/templ-router/pkg/config/accessors.go:64.56,66.2 1 1
github.com/denkhaus/templ-router/pkg/config/accessors.go:68.56,70.2 1 1
github.com/denkhaus/templ-router/pkg/config/accessors.go:72.60,74.2 1 1
github.com/denkhaus/templ-router/pkg/config/accessors.go:76.56,78.2 1 1
github.com/denkhaus/templ-router/pkg/config/accessors.go:80.58,82.2 1 1
github.com/denkhaus/templ-router/pkg/config/accessors.go:85.51,87.2 1 1
github.com/denkhaus/templ-router/pkg/config/accessors.go:89.48,91.2 1 1
github.com/denkhaus/templ-router/pkg/config/accessors.go:93.51,95.2 1 1
github.com/denkhaus/templ-router/pkg/config/accessors.go:97.55,99.2 1 1
github.com/denkhaus/templ-router/pkg/config/accessors.go:101.51,103.2 1 1
github.com/denkhaus/templ-router/pkg/config/accessors.go:105.54,107.2 1 1
github.com/denkhaus/templ-router/pkg/config/accessors.go:110.61,112.2 1 1
github.com/denkhaus/templ-router/pkg/config/accessors.go:114.69,116.2 1 1
github.com/denkhaus/templ-router/pkg/config/accessors.go:118.56,120.2 1 1
github.com/denkhaus/templ-router/pkg/config/accessors.go:122.59,124.2 1 1
github.com/denkhaus/templ-router/pkg/config/accessors.go:126.49,128.2 1 1
github.com/denkhaus/templ-router/pkg/config/accessors.go:130.51,132.2 1 1
github.com/denkhaus/templ-router/pkg/config/accessors.go:134.54,136.2 1 1
github.com/denkhaus/templ-router/pkg/config/accessors.go:138.53,140.2 1 1
github.com/denkhaus/templ-router/pkg/config/accessors.go:142.58,144.2 1 1
github.com/denkhaus/templ-router/pkg/config/accessors.go:146.58,148.2 1 1
github.com/denkhaus/templ-router/pkg/config/accessors.go:150.56,152.2 1 1
github.com/denkhaus/templ-router/pkg/config/accessors.go:154.59,156.2 1 1
github.com/denkhaus/templ-router/pkg/config/accessors.go:158.60,160.2 1 1
github.com/denkhaus/templ-router/pkg/config/accessors.go:162.59,164.2 1 1
github.com/denkhaus/templ-router/pkg/config/accessors.go:167.50,169.2 1 1
github.com/denkhaus/templ-router/pkg/config/accessors.go:172.57,174.2 1 1
github.com/denkhaus/templ-router/pkg/config/accessors.go:176.57,178.2 1 1
github.com/denkhaus/templ-router/pkg/config/accessors.go:180.58,182.2 1 1
github.com/denkhaus/templ-router/pkg/config/accessors.go:185.49,187.2 1 1
github.com/denkhaus/templ-router/pkg/config/accessors.go:189.46,191.2 1 1
github.com/denkhaus/templ-router/pkg/config/accessors.go:193.48,195.2 1 1
github.com/denkhaus/templ-router/pkg/config/accessors.go:197.51,199.2 1 1
github.com/denkhaus/templ-router/pkg/config/accessors.go:201.52,203.2 1 1
github.com/denkhaus/templ-router/pkg/config/accessors.go:205.53,207.2 1 1
github.com/denkhaus/templ-router/pkg/config/accessors.go:209.59,211.2 1 1
github.com/denkhaus/templ-router/pkg/config/accessors.go:213.47,215.2 1 1
github.com/denkhaus/templ-router/pkg/config/accessors.go:217.46,219.2 1 1
github.com/denkhaus/templ-router/pkg/config/accessors.go:222.47,224.2 1 1
github.com/denkhaus/templ-router/pkg/config/accessors.go:226.48,228.2 1 1
github.com/denkhaus/templ-router/pkg/config/accessors.go:230.48,232.2 1 1
github.com/denkhaus/templ-router/pkg/config/accessors.go:234.54,236.2 1 1
github.com/denkhaus/templ-router/pkg/config/accessors.go:238.50,240.2 1 1
github.com/denkhaus/templ-router/pkg/config/accessors.go:243.47,245.2 1 1
github.com/denkhaus/templ-router/pkg/config/accessors.go:247.44,249.2 1 1
github.com/denkhaus/templ-router/pkg/config/accessors.go:251.51,253.2 1 1
github.com/denkhaus/templ-router/pkg/config/accessors.go:255.51,257.2 1 1
github.com/denkhaus/templ-router/pkg/config/accessors.go:259.50,261.2 1 1
github.com/denkhaus/templ-router/pkg/config/accessors.go:263.48,265.2 1 1
github.com/denkhaus/templ-router/pkg/config/accessors.go:267.47,269.2 1 1
github.com/denkhaus/templ-router/pkg/config/accessors.go:271.51,273.2 1 1
github.com/denkhaus/templ-router/pkg/config/accessors.go:275.57,277.2 1 1
github.com/denkhaus/templ-router/pkg/config/accessors.go:279.47,281.2 1 1
github.com/denkhaus/templ-router/pkg/config/accessors.go:283.46,285.2 1 1
github.com/denkhaus/templ-router/pkg/config/accessors.go:290.62,292.2 1 0
github.com/denkhaus/templ-router/pkg/config/accessors.go:295.62,297.2 1 0
github.com/denkhaus/templ-router/pkg/config/accessors.go:300.65,302.2 1 0
github.com/denkhaus/templ-router/pkg/config/accessors.go:305.59,307.2 1 0
github.com/denkhaus/templ-router/pkg/config/accessors.go:310.60,312.2 1 0
github.com/denkhaus/templ-router/pkg/config/helpers.go:6.46,16.2 1 1
github.com/denkhaus/templ-router/pkg/config/helpers.go:19.48,21.2 1 1
github.com/denkhaus/templ-router/pkg/config/helpers.go:24.42,25.37 1 1
github.com/denkhaus/templ-router/pkg/config/helpers.go:25.37,27.3 1 1
github.com/denkhaus/templ-router/pkg/config/helpers.go:29.2,30.53 1 1
github.com/denkhaus/templ-router/pkg/config/helpers.go:34.43,36.2 1 1
github.com/denkhaus/templ-router/pkg/config/logging.go:9.41,10.17 1 1
github.com/denkhaus/templ-router/pkg/config/logging.go:10.17,12.3 1 1
github.com/denkhaus/templ-router/pkg/config/logging.go:13.2,13.21 1 1
github.com/denkhaus/templ-router/pkg/config/logging.go:13.21,15.3 1 1
github.com/denkhaus/templ-router/pkg/config/logging.go:16.2,16.77 1 1
github.com/denkhaus/templ-router/pkg/config/logging.go:20.35,54.31 28 1
github.com/denkhaus/templ-router/pkg/config/logging.go:54.31,59.3 4 1
github.com/denkhaus/templ-router/pkg/config/logging.go:62.2,63.48 2 1
github.com/denkhaus/templ-router/pkg/config/logging.go:63.48,64.29 1 1
github.com/denkhaus/templ-router/pkg/config/logging.go:64.29,66.4 1 1
github.com/denkhaus/templ-router/pkg/config/logging.go:67.3,67.26 1 1
github.com/denkhaus/templ-router/pkg/config/logging.go:69.2,70.52 2 1
github.com/denkhaus/templ-router/pkg/config/logging.go:70.52,71.33 1 1
github.com/denkhaus/templ-router/pkg/config/logging.go:71.33,73.4 1 1
github.com/denkhaus/templ-router/pkg/config/logging.go:74.3,74.45 1 1
github.com/denkhaus/templ-router/pkg/config/logging.go:76.2,76.52 1 1
github.com/denkhaus/templ-router/pkg/config/logging.go:76.52,77.33 1 1
github.com/denkhaus/templ-router/pkg/config/logging.go:77.33,79.4 1 1
github.com/denkhaus/templ-router/pkg/config/logging.go:80.3,80.45 1 1
github.com/denkhaus/templ-router/pkg/config/logging.go:82.2,85.53 4 1
github.com/denkhaus/templ-router/pkg/config/logging.go:85.53,86.33 1 1
github.com/denkhaus/templ-router/pkg/config/logging.go:86.33,88.4 1 1
github.com/denkhaus/templ-router/pkg/config/logging.go:89.3,89.30 1 1
github.com/denkhaus/templ-router/pkg/config/logging.go:91.2,111.26 17 1
github.com/denkhaus/templ-router/pkg/config/logging.go:111.26,113.3 1 1
github.com/denkhaus/templ-router/pkg/config/logging.go:116.2,120.46 4 1
github.com/denkhaus/templ-router/pkg/config/service.go:16.99,17.63 1 1
github.com/denkhaus/templ-router/pkg/config/service.go:17.63,19.64 2 1
github.com/denkhaus/templ-router/pkg/config/service.go:19.64,24.4 1 0
github.com/denkhaus/templ-router/pkg/config/service.go:26.3,26.40 1 1
github.com/denkhaus/templ-router/pkg/config/service.go:26.40,30.4 1 1
github.com/denkhaus/templ-router/pkg/config/service.go:32.3,32.30 1 1
github.com/denkhaus/templ-router/pkg/config/service.go:32.30,35.4 1 1
github.com/denkhaus/templ-router/pkg/config/service.go:37.3,39.9 1 1
github.com/denkhaus/templ-router/pkg/config/validation.go:10.39,12.48 1 1
github.com/denkhaus/templ-router/pkg/config/validation.go:12.48,18.3 1 1
github.com/denkhaus/templ-router/pkg/config/validation.go:21.2,21.52 1 1
github.com/denkhaus/templ-router/pkg/config/validation.go:21.52,27.3 1 1
github.com/denkhaus/templ-router/pkg/config/validation.go:30.2,30.34 1 1
github.com/denkhaus/templ-router/pkg/config/validation.go:30.34,36.3 1 1
github.com/denkhaus/templ-router/pkg/config/validation.go:39.2,39.31 1 1
github.com/denkhaus/templ-router/pkg/config/validation.go:39.31,40.37 1 1
github.com/denkhaus/templ-router/pkg/config/validation.go:40.37,45.4 1 1
github.com/denkhaus/templ-router/pkg/config/validation.go:46.3,46.40 1 1
github.com/denkhaus/templ-router/pkg/config/validation.go:46.40,51.4 1 1
github.com/denkhaus/templ-router/pkg/config/validation.go:52.3,52.66 1 1
github.com/denkhaus/templ-router/pkg/config/validation.go:52.66,58.4 1 1
github.com/denkhaus/templ-router/pkg/config/validation.go:59.3,59.41 1 1
github.com/denkhaus/templ-router/pkg/config/validation.go:59.41,64.4 1 1
github.com/denkhaus/templ-router/pkg/config/validation.go:65.3,65.40 1 1
github.com/denkhaus/templ-router/pkg/config/validation.go:65.40,70.4 1 1
github.com/denkhaus/templ-router/pkg/config/validation.go:74.2,74.54 1 1
github.com/denkhaus/templ-router/pkg/config/validation.go:74.54,80.3 1 1
github.com/denkhaus/templ-router/pkg/config/validation.go:83.2,83.38 1 1
github.com/denkhaus/templ-router/pkg/config/validation.go:83.38,89.3 1 1
github.com/denkhaus/templ-router/pkg/config/validation.go:91.2,91.12 1 1
github.com/denkhaus/templ-router/pkg/services/cache/cache_service.go:22.70,33.2 4 1
github.com/denkhaus/templ-router/pkg/services/cache/cache_service.go:36.69,38.12 2 1
github.com/denkhaus/templ-router/pkg/services/cache/cache_service.go:38.12,40.3 1 1
github.com/denkhaus/templ-router/pkg/services/cache/cache_service.go:40.8,42.3 1 1
github.com/denkhaus/templ-router/pkg/services/cache/cache_service.go:43.2,43.22 1 1
github.com/denkhaus/templ-router/pkg/services/cache/cache_service.go:47.68,50.2 2 1
github.com/denkhaus/templ-router/pkg/services/cache/cache_service.go:53.66,55.12 2 1
github.com/denkhaus/templ-router/pkg/services/cache/cache_service.go:55.12,57.3 1 1
github.com/denkhaus/templ-router/pkg/services/cache/cache_service.go:57.8,59.3 1 1
github.com/denkhaus/templ-router/pkg/services/cache/cache_service.go:60.2,60.22 1 1
github.com/denkhaus/templ-router/pkg/services/cache/cache_service.go:64.65,67.2 2 1
github.com/denkhaus/templ-router/pkg/services/cache/cache_service.go:70.36,71.59 1 1
github.com/denkhaus/templ-router/pkg/services/cache/cache_service.go:71.59,74.3 2 1
github.com/denkhaus/templ-router/pkg/services/cache/cache_service.go:75.2,75.56 1 1
github.com/denkhaus/templ-router/pkg/services/cache/cache_service.go:75.56,78.3 2 1
github.com/denkhaus/templ-router/pkg/services/cache/cache_service.go:79.2,79.38 1 1
github.com/denkhaus/templ-router/pkg/services/cache/cache_service.go:83.42,84.59 1 1
github.com/denkhaus/templ-router/pkg/services/cache/cache_service.go:84.59,87.3 2 1
github.com/denkhaus/templ-router/pkg/services/cache/cache_service.go:88.2,88.42 1 1
github.com/denkhaus/templ-router/pkg/services/cache/cache_service.go:92.39,93.56 1 1
github.com/denkhaus/templ-router/pkg/services/cache/cache_service.go:93.56,96.3 2 1
github.com/denkhaus/templ-router/pkg/services/cache/cache_service.go:97.2,97.39 1 1
github.com/denkhaus/templ-router/pkg/services/cache/cache_service.go:101.104,102.22 1 1
github.com/denkhaus/templ-router/pkg/services/cache/cache_service.go:102.22,104.3 1 1
github.com/denkhaus/templ-router/pkg/services/cache/cache_service.go:107.2,108.24 2 1
github.com/denkhaus/templ-router/pkg/services/cache/cache_service.go:108.24,110.3 1 1
github.com/denkhaus/templ-router/pkg/services/cache/cache_service.go:111.2,114.25 3 1
github.com/denkhaus/templ-router/pkg/services/cache/cache_service.go:114.25,116.3 1 1
github.com/denkhaus/templ-router/pkg/services/cache/cache_service.go:118.2,118.94 1 1
github.com/denkhaus/templ-router/pkg/services/cache/cache_service.go:122.85,123.22 1 1
github.com/denkhaus/templ-router/pkg/services/cache/cache_service.go:123.22,125.3 1 1
github.com/denkhaus/templ-router/pkg/services/cache/cache_service.go:128.2,129.24 2 1
github.com/denkhaus/templ-router/pkg/services/cache/cache_service.go:129.24,131.3 1 1
github.com/denkhaus/templ-router/pkg/services/cache/cache_service.go:132.2,135.25 3 1
github.com/denkhaus/templ-router/pkg/services/cache/cache_service.go:135.25,137.3 1 1
github.com/denkhaus/templ-router/pkg/services/cache/cache_service.go:139.2,139.72 1 1
github.com/denkhaus/templ-router/pkg/services/logger/logger.go:16.48,17.32 1 1
github.com/denkhaus/templ-router/pkg/services/logger/logger.go:18.15,19.28 1 1
github.com/denkhaus/templ-router/pkg/services/logger/logger.go:20.14,21.27 1 1
github.com/denkhaus/templ-router/pkg/services/logger/logger.go:22.25,23.27 1 1
github.com/denkhaus/templ-router/pkg/services/logger/logger.go:24.15,25.28 1 1
github.com/denkhaus/templ-router/pkg/services/logger/logger.go:26.15,27.28 1 1
github.com/denkhaus/templ-router/pkg/services/logger/logger.go:28.15,29.28 1 1
github.com/denkhaus/templ-router/pkg/services/logger/logger.go:30.10,31.27 1 1
github.com/denkhaus/templ-router/pkg/services/logger/logger.go:36.51,41.33 4 1
github.com/denkhaus/templ-router/pkg/services/logger/logger.go:42.14,43.47 1 1
github.com/denkhaus/templ-router/pkg/services/logger/logger.go:44.25,46.50 2 1
github.com/denkhaus/templ-router/pkg/services/logger/logger.go:47.10,48.47 1 1
github.com/denkhaus/templ-router/pkg/services/logger/logger.go:53.83,57.45 2 1
github.com/denkhaus/templ-router/pkg/services/logger/logger.go:58.16,59.56 1 1
github.com/denkhaus/templ-router/pkg/services/logger/logger.go:60.16,61.56 1 1
github.com/denkhaus/templ-router/pkg/services/logger/logger.go:62.10,63.56 1 0
github.com/denkhaus/templ-router/pkg/services/logger/logger.go:67.2,67.32 1 1
github.com/denkhaus/templ-router/pkg/services/logger/logger.go:67.32,72.48 3 1
github.com/denkhaus/templ-router/pkg/services/logger/logger.go:72.48,74.4 1 1
github.com/denkhaus/templ-router/pkg/services/logger/logger.go:76.3,77.17 2 1
github.com/denkhaus/templ-router/pkg/services/logger/logger.go:77.17,79.4 1 0
github.com/denkhaus/templ-router/pkg/services/logger/logger.go:81.3,81.51 1 1
github.com/denkhaus/templ-router/pkg/services/logger/logger.go:84.2,84.53 1 1
github.com/denkhaus/templ-router/pkg/services/logger/logger.go:88.60,99.16 5 1
github.com/denkhaus/templ-router/pkg/services/logger/logger.go:99.16,101.3 1 1
github.com/denkhaus/templ-router/pkg/services/logger/logger.go:104.2,108.25 3 1
github.com/denkhaus/templ-router/pkg/services/logger/logger.go:108.25,110.3 1 1
github.com/denkhaus/templ-router/pkg/services/logger/logger.go:110.8,112.3 1 1
github.com/denkhaus/templ-router/pkg/services/logger/logger.go:114.2,115.36 1 1
github.com/denkhaus/templ-router/pkg/services/logger/logger.go:115.36,116.26 1 1
github.com/denkhaus/templ-router/pkg/services/logger/logger.go:116.26,118.5 1 1
github.com/denkhaus/templ-router/pkg/services/logger/logger.go:119.4,119.24 1 1
github.com/denkhaus/templ-router/pkg/services/logger/logger.go:125.41,126.34 1 1
github.com/denkhaus/templ-router/pkg/services/logger/logger.go:126.34,128.5 1 1
github.com/denkhaus/templ-router/pkg/services/logger/logger.go:129.4,129.21 1 1
github.com/denkhaus/templ-router/pkg/services/logger/logger.go:133.2,133.20 1 1
github.com/denkhaus/templ-router/pkg/services/template/ast_parser.go:20.50,24.2 1 0
github.com/denkhaus/templ-router/pkg/services/template/ast_parser.go:27.66,33.16 4 0
github.com/denkhaus/templ-router/pkg/services/template/ast_parser.go:33.16,36.3 2 0
github.com/denkhaus/templ-router/pkg/services/template/ast_parser.go:39.2,39.42 1 0
github.com/denkhaus/templ-router/pkg/services/template/ast_parser.go:39.42,40.38 1 0
github.com/denkhaus/templ-router/pkg/services/template/ast_parser.go:40.38,42.33 1 0
github.com/denkhaus/templ-router/pkg/services/template/ast_parser.go:42.33,44.5 1 0
github.com/denkhaus/templ-router/pkg/services/template/ast_parser.go:46.3,46.14 1 0
github.com/denkhaus/templ-router/pkg/services/template/ast_parser.go:49.2,49.18 1 0
github.com/denkhaus/templ-router/pkg/services/template/ast_parser.go:53.64,54.62 1 0
github.com/denkhaus/templ-router/pkg/services/template/ast_parser.go:54.62,56.3 1 0
github.com/denkhaus/templ-router/pkg/services/template/ast_parser.go:58.2,59.52 2 0
github.com/denkhaus/templ-router/pkg/services/template/ast_parser.go:59.52,60.42 1 0
github.com/denkhaus/templ-router/pkg/services/template/ast_parser.go:60.42,62.4 1 0
github.com/denkhaus/templ-router/pkg/services/template/ast_parser.go:65.2,65.14 1 0
github.com/denkhaus/templ-router/pkg/services/template/ast_parser.go:69.72,72.85 2 0
github.com/denkhaus/templ-router/pkg/services/template/ast_parser.go:72.85,73.17 1 0
github.com/denkhaus/templ-router/pkg/services/template/ast_parser.go:73.17,75.4 1 0
github.com/denkhaus/templ-router/pkg/services/template/ast_parser.go:78.3,78.43 1 0
github.com/denkhaus/templ-router/pkg/services/template/ast_parser.go:78.43,81.26 3 0
github.com/denkhaus/templ-router/pkg/services/template/ast_parser.go:81.26,86.5 2 0
github.com/denkhaus/templ-router/pkg/services/template/ast_parser.go:89.3,89.13 1 0
github.com/denkhaus/templ-router/pkg/services/template/ast_parser.go:92.2,92.16 1 0
github.com/denkhaus/templ-router/pkg/services/template/ast_parser.go:92.16,94.3 1 0
github.com/denkhaus/templ-router/pkg/services/template/ast_parser.go:96.2,96.22 1 0
github.com/denkhaus/templ-router/pkg/services/template/discovery_component.go:26.50,28.2 1 0
github.com/denkhaus/templ-router/pkg/services/template/discovery_component.go:32.115,33.74 1 0
github.com/denkhaus/templ-router/pkg/services/template/discovery_component.go:33.74,36.17 2 0
github.com/denkhaus/templ-router/pkg/services/template/discovery_component.go:36.17,40.4 2 0
github.com/denkhaus/templ-router/pkg/services/template/discovery_component.go:43.3,49.31 2 0
github.com/denkhaus/templ-router/pkg/services/template/key_resolver.go:19.106,25.2 1 1
github.com/denkhaus/templ-router/pkg/services/template/key_resolver.go:28.88,37.37 3 1
github.com/denkhaus/templ-router/pkg/services/template/key_resolver.go:37.37,40.3 2 1
github.com/denkhaus/templ-router/pkg/services/template/key_resolver.go:43.2,43.29 1 1
github.com/denkhaus/templ-router/pkg/services/template/key_resolver.go:43.29,45.3 1 1
github.com/denkhaus/templ-router/pkg/services/template/key_resolver.go:49.2,52.29 3 1
github.com/denkhaus/templ-router/pkg/services/template/key_resolver.go:52.29,53.17 1 1
github.com/denkhaus/templ-router/pkg/services/template/key_resolver.go:53.17,55.36 1 1
github.com/denkhaus/templ-router/pkg/services/template/key_resolver.go:55.36,57.5 1 1
github.com/denkhaus/templ-router/pkg/services/template/key_resolver.go:58.4,58.41 1 1
github.com/denkhaus/templ-router/pkg/services/template/key_resolver.go:62.2,62.26 1 1
github.com/denkhaus/templ-router/pkg/services/template/key_resolver.go:62.26,64.3 1 0
github.com/denkhaus/templ-router/pkg/services/template/key_resolver.go:67.2,74.20 3 1
github.com/denkhaus/templ-router/pkg/services/template/key_resolver.go:78.80,82.20 2 1
github.com/denkhaus/templ-router/pkg/services/template/key_resolver.go:82.20,84.3 1 1
github.com/denkhaus/templ-router/pkg/services/template/key_resolver.go:86.2,90.27 4 1
github.com/denkhaus/templ-router/pkg/services/template/key_resolver.go:94.72,105.2 5 1
github.com/denkhaus/templ-router/cmd/trgen/commands/commands.go:19.32,23.21 3 0
github.com/denkhaus/templ-router/cmd/trgen/commands/commands.go:23.21,26.3 2 0
github.com/denkhaus/templ-router/cmd/trgen/commands/commands.go:28.2,28.12 1 0
github.com/denkhaus/templ-router/cmd/trgen/commands/commands.go:34.45,41.2 1 0
github.com/denkhaus/templ-router/cmd/trgen/commands/commands.go:43.67,45.16 2 0
github.com/denkhaus/templ-router/cmd/trgen/commands/commands.go:45.16,47.3 1 0
github.com/denkhaus/templ-router/cmd/trgen/commands/commands.go:48.2,48.15 1 0
github.com/denkhaus/templ-router/cmd/trgen/commands/commands.go:48.15,49.41 1 0
github.com/denkhaus/templ-router/cmd/trgen/commands/commands.go:49.41,51.4 1 0
github.com/denkhaus/templ-router/cmd/trgen/commands/commands.go:54.2,56.68 2 0
github.com/denkhaus/templ-router/cmd/trgen/commands/commands.go:56.68,58.3 1 0
github.com/denkhaus/templ-router/cmd/trgen/commands/commands.go:60.2,62.12 3 0
github.com/denkhaus/templ-router/cmd/trgen/commands/commands.go:65.92,66.6 1 0
github.com/denkhaus/templ-router/cmd/trgen/commands/commands.go:66.6,67.10 1 0
github.com/denkhaus/templ-router/cmd/trgen/commands/commands.go:68.38,69.11 1 0
github.com/denkhaus/templ-router/cmd/trgen/commands/commands.go:69.11,71.5 1 0
github.com/denkhaus/templ-router/cmd/trgen/commands/commands.go:72.4,72.76 1 0
github.com/denkhaus/templ-router/cmd/trgen/commands/commands.go:72.76,75.5 2 0
github.com/denkhaus/templ-router/cmd/trgen/commands/commands.go:76.36,77.11 1 0
github.com/denkhaus/templ-router/cmd/trgen/commands/commands.go:77.11,79.5 1 0
github.com/denkhaus/templ-router/cmd/trgen/commands/commands.go:80.4,80.30 1 0
github.com/denkhaus/templ-router/cmd/trgen/commands/commands.go:85.48,89.2 1 0
github.com/denkhaus/templ-router/cmd/trgen/commands/commands.go:91.69,93.40 2 0
github.com/denkhaus/templ-router/cmd/trgen/commands/commands.go:93.40,94.24 1 0
github.com/denkhaus/templ-router/cmd/trgen/commands/commands.go:94.24,96.4 1 0
github.com/denkhaus/templ-router/cmd/trgen/commands/commands.go:98.2,98.14 1 0
github.com/denkhaus/templ-router/cmd/trgen/commands/commands.go:101.74,102.86 1 0
github.com/denkhaus/templ-router/cmd/trgen/commands/commands.go:102.86,103.17 1 0
github.com/denkhaus/templ-router/cmd/trgen/commands/commands.go:103.17,105.4 1 0
github.com/denkhaus/templ-router/cmd/trgen/commands/commands.go:106.3,106.19 1 0
github.com/denkhaus/templ-router/cmd/trgen/commands/commands.go:106.19,108.4 1 0
github.com/denkhaus/templ-router/cmd/trgen/commands/commands.go:109.3,109.13 1 0
github.com/denkhaus/templ-router/cmd/trgen/commands/commands.go:113.41,120.16 5 1
github.com/denkhaus/templ-router/cmd/trgen/commands/commands.go:120.16,123.3 2 0
github.com/denkhaus/templ-router/cmd/trgen/commands/commands.go:126.2,126.31 1 1
github.com/denkhaus/templ-router/cmd/trgen/commands/commands.go:126.31,128.44 2 0
github.com/denkhaus/templ-router/cmd/trgen/commands/commands.go:128.44,130.4 1 0
github.com/denkhaus/templ-router/cmd/trgen/commands/commands.go:131.3,131.16 1 0
github.com/denkhaus/templ-router/cmd/trgen/commands/commands.go:134.2,135.37 2 1
github.com/denkhaus/templ-router/cmd/trgen/commands/commands.go:135.37,137.3 1 0
github.com/denkhaus/templ-router/cmd/trgen/commands/commands.go:141.2,141.29 1 1
github.com/denkhaus/templ-router/cmd/trgen/commands/commands.go:141.29,144.3 2 0
github.com/denkhaus/templ-router/cmd/trgen/commands/commands.go:146.2,146.69 1 1
github.com/denkhaus/templ-router/cmd/trgen/commands/commands.go:146.69,149.3 2 0
github.com/denkhaus/templ-router/cmd/trgen/commands/commands.go:151.2,151.60 1 1
github.com/denkhaus/templ-router/test_config.go:9.13,11.16 2 0
github.com/denkhaus/templ-router/test_config.go:11.16,13.3 1 0
github.com/denkhaus/templ-router/test_config.go:15.2,23.49 7 0
github.com/denkhaus/templ-router/cmd/trgen/main.go:18.28,44.2 1 0
github.com/denkhaus/templ-router/cmd/trgen/main.go:46.13,54.38 2 0
github.com/denkhaus/templ-router/cmd/trgen/main.go:54.38,59.4 3 0
github.com/denkhaus/templ-router/cmd/trgen/main.go:65.40,68.6 2 0
github.com/denkhaus/templ-router/cmd/trgen/main.go:73.2,73.41 1 0
github.com/denkhaus/templ-router/cmd/trgen/main.go:73.41,84.47 3 0
github.com/denkhaus/templ-router/cmd/trgen/main.go:84.47,85.28 1 0
github.com/denkhaus/templ-router/cmd/trgen/main.go:85.28,87.5 1 0
github.com/denkhaus/templ-router/cmd/trgen/main.go:88.4,88.31 1 0
github.com/denkhaus/templ-router/cmd/trgen/main.go:88.31,90.5 1 0
github.com/denkhaus/templ-router/cmd/trgen/main.go:94.3,94.63 1 0
github.com/denkhaus/templ-router/cmd/trgen/main.go:94.63,96.4 1 0
github.com/denkhaus/templ-router/cmd/trgen/main.go:96.9,98.4 1 0
github.com/denkhaus/templ-router/cmd/trgen/scan/scanner.go:22.94,25.49 2 0
github.com/denkhaus/templ-router/cmd/trgen/scan/scanner.go:25.49,27.3 1 0
github.com/denkhaus/templ-router/cmd/trgen/scan/scanner.go:30.2,38.50 4 0
github.com/denkhaus/templ-router/cmd/trgen/scan/scanner.go:38.50,40.37 2 0
github.com/denkhaus/templ-router/cmd/trgen/scan/scanner.go:40.37,43.4 2 0
github.com/denkhaus/templ-router/cmd/trgen/scan/scanner.go:47.2,47.41 1 0
github.com/denkhaus/templ-router/cmd/trgen/scan/scanner.go:47.41,49.37 1 0
github.com/denkhaus/templ-router/cmd/trgen/scan/scanner.go:49.37,51.22 2 0
github.com/denkhaus/templ-router/cmd/trgen/scan/scanner.go:51.22,53.40 2 0
github.com/denkhaus/templ-router/cmd/trgen/scan/scanner.go:53.40,55.28 2 0
github.com/denkhaus/templ-router/cmd/trgen/scan/scanner.go:55.28,60.7 3 0
github.com/denkhaus/templ-router/cmd/trgen/scan/scanner.go:67.2,67.20 1 0
github.com/denkhaus/templ-router/cmd/trgen/scan/scanner.go:67.20,72.42 3 0
github.com/denkhaus/templ-router/cmd/trgen/scan/scanner.go:72.42,75.4 1 0
github.com/denkhaus/templ-router/cmd/trgen/scan/scanner.go:75.9,75.50 1 0
github.com/denkhaus/templ-router/cmd/trgen/scan/scanner.go:75.50,78.4 1 0
github.com/denkhaus/templ-router/cmd/trgen/scan/scanner.go:78.9,78.51 1 0
github.com/denkhaus/templ-router/cmd/trgen/scan/scanner.go:78.51,81.4 1 0
github.com/denkhaus/templ-router/cmd/trgen/scan/scanner.go:81.9,84.4 1 0
github.com/denkhaus/templ-router/cmd/trgen/scan/scanner.go:87.3,87.41 1 0
github.com/denkhaus/templ-router/cmd/trgen/scan/scanner.go:87.41,89.35 2 0
github.com/denkhaus/templ-router/cmd/trgen/scan/scanner.go:89.35,90.81 1 0
github.com/denkhaus/templ-router/cmd/trgen/scan/scanner.go:90.81,92.11 2 0
github.com/denkhaus/templ-router/cmd/trgen/scan/scanner.go:96.4,96.28 1 0
github.com/denkhaus/templ-router/cmd/trgen/scan/scanner.go:96.28,98.5 1 0
github.com/denkhaus/templ-router/cmd/trgen/scan/scanner.go:103.3,114.60 3 0
github.com/denkhaus/templ-router/cmd/trgen/scan/scanner.go:117.2,117.32 1 0
github.com/denkhaus/templ-router/cmd/trgen/scan/scanner.go:121.93,132.16 5 1
github.com/denkhaus/templ-router/cmd/trgen/scan/scanner.go:132.16,134.3 1 1
github.com/denkhaus/templ-router/cmd/trgen/scan/scanner.go:137.2,137.27 1 1
github.com/denkhaus/templ-router/cmd/trgen/scan/scanner.go:137.27,138.26 1 1
github.com/denkhaus/templ-router/cmd/trgen/scan/scanner.go:138.26,140.12 2 1
github.com/denkhaus/templ-router/cmd/trgen/scan/scanner.go:144.3,144.35 1 0
github.com/denkhaus/templ-router/cmd/trgen/scan/scanner.go:144.35,149.49 2 0
github.com/denkhaus/templ-router/cmd/trgen/scan/scanner.go:149.49,150.13 1 0
github.com/denkhaus/templ-router/cmd/trgen/scan/scanner.go:154.4,154.74 1 0
github.com/denkhaus/templ-router/cmd/trgen/scan/scanner.go:154.74,156.5 1 0
github.com/denkhaus/templ-router/cmd/trgen/scan/scanner.go:158.4,161.18 3 0
github.com/denkhaus/templ-router/cmd/trgen/scan/scanner.go:161.18,163.5 1 0
github.com/denkhaus/templ-router/cmd/trgen/scan/scanner.go:165.4,166.78 2 0
github.com/denkhaus/templ-router/cmd/trgen/scan/scanner.go:170.2,170.44 1 1
github.com/denkhaus/templ-router/cmd/trgen/scan/scanner.go:174.148,179.34 3 0
github.com/denkhaus/templ-router/cmd/trgen/scan/scanner.go:179.34,182.28 2 0
github.com/denkhaus/templ-router/cmd/trgen/scan/scanner.go:182.28,183.12 1 0
github.com/denkhaus/templ-router/cmd/trgen/scan/scanner.go:187.3,187.21 1 0
github.com/denkhaus/templ-router/cmd/trgen/scan/scanner.go:187.21,188.12 1 0
github.com/denkhaus/templ-router/cmd/trgen/scan/scanner.go:192.3,197.81 3 0
github.com/denkhaus/templ-router/cmd/trgen/scan/scanner.go:197.81,201.12 4 0
github.com/denkhaus/templ-router/cmd/trgen/scan/scanner.go:205.3,206.17 2 0
github.com/denkhaus/templ-router/cmd/trgen/scan/scanner.go:206.17,208.12 2 0
github.com/denkhaus/templ-router/cmd/trgen/scan/scanner.go:212.3,213.10 2 0
github.com/denkhaus/templ-router/cmd/trgen/scan/scanner.go:213.10,215.12 2 0
github.com/denkhaus/templ-router/cmd/trgen/scan/scanner.go:219.3,225.99 4 0
github.com/denkhaus/templ-router/cmd/trgen/scan/scanner.go:225.99,227.33 1 0
github.com/denkhaus/templ-router/cmd/trgen/scan/scanner.go:227.33,234.22 4 0
github.com/denkhaus/templ-router/cmd/trgen/scan/scanner.go:234.22,240.6 4 0
github.com/denkhaus/templ-router/cmd/trgen/scan/scanner.go:240.11,242.6 1 0
github.com/denkhaus/templ-router/cmd/trgen/scan/scanner.go:244.9,244.104 1 0
github.com/denkhaus/templ-router/cmd/trgen/scan/scanner.go:244.104,246.12 2 0
github.com/denkhaus/templ-router/cmd/trgen/scan/scanner.go:250.3,272.23 11 0
github.com/denkhaus/templ-router/cmd/trgen/scan/scanner.go:273.17,274.28 1 0
github.com/denkhaus/templ-router/cmd/trgen/scan/scanner.go:275.15,276.26 1 0
github.com/denkhaus/templ-router/cmd/trgen/scan/scanner.go:277.16,278.27 1 0
github.com/denkhaus/templ-router/cmd/trgen/scan/scanner.go:279.20,286.27 2 0
github.com/denkhaus/templ-router/cmd/trgen/scan/scanner.go:286.27,289.5 1 0
github.com/denkhaus/templ-router/cmd/trgen/scan/scanner.go:293.3,324.63 4 0
github.com/denkhaus/templ-router/cmd/trgen/scan/scanner.go:327.2,327.41 1 0
github.com/denkhaus/templ-router/cmd/trgen/scan/scanner.go:331.77,336.16 3 0
github.com/denkhaus/templ-router/cmd/trgen/scan/scanner.go:336.16,338.3 1 0
github.com/denkhaus/templ-router/cmd/trgen/scan/scanner.go:341.2,342.37 2 0
github.com/denkhaus/templ-router/cmd/trgen/scan/scanner.go:342.37,343.49 1 0
github.com/denkhaus/templ-router/cmd/trgen/scan/scanner.go:343.49,345.4 1 0
github.com/denkhaus/templ-router/cmd/trgen/scan/scanner.go:348.2,349.31 2 0
github.com/denkhaus/templ-router/cmd/trgen/scan/scanner.go:354.73,362.20 4 0
github.com/denkhaus/templ-router/cmd/trgen/scan/scanner.go:362.20,366.59 2 0
github.com/denkhaus/templ-router/cmd/trgen/scan/scanner.go:366.59,368.4 1 0
github.com/denkhaus/templ-router/cmd/trgen/scan/scanner.go:369.3,369.30 1 0
github.com/denkhaus/templ-router/cmd/trgen/scan/scanner.go:373.2,377.50 3 0
github.com/denkhaus/templ-router/cmd/trgen/scan/scanner.go:377.50,379.3 1 0
github.com/denkhaus/templ-router/cmd/trgen/scan/scanner.go:381.2,381.21 1 0
github.com/denkhaus/templ-router/cmd/trgen/scan/scanner.go:386.74,390.2 2 0
github.com/denkhaus/templ-router/cmd/trgen/scan/scanner.go:402.73,407.53 3 0
github.com/denkhaus/templ-router/cmd/trgen/scan/scanner.go:407.53,409.3 1 0
github.com/denkhaus/templ-router/cmd/trgen/scan/scanner.go:411.2,414.57 2 0
github.com/denkhaus/templ-router/cmd/trgen/scan/scanner.go:414.57,417.3 2 0
github.com/denkhaus/templ-router/cmd/trgen/scan/scanner.go:419.2,423.16 3 0
github.com/denkhaus/templ-router/cmd/trgen/scan/scanner.go:423.16,426.3 2 0
github.com/denkhaus/templ-router/cmd/trgen/scan/scanner.go:429.2,430.59 2 0
github.com/denkhaus/templ-router/cmd/trgen/scan/scanner.go:430.59,433.3 2 0
github.com/denkhaus/templ-router/cmd/trgen/scan/scanner.go:435.2,445.17 3 0
github.com/denkhaus/templ-router/cmd/trgen/scan/scanner.go:449.56,457.18 3 0
github.com/denkhaus/templ-router/cmd/trgen/scan/scanner.go:458.16,459.18 1 0
github.com/denkhaus/templ-router/cmd/trgen/scan/scanner.go:460.14,461.16 1 0
github.com/denkhaus/templ-router/cmd/trgen/scan/scanner.go:462.15,463.17 1 0
github.com/denkhaus/templ-router/cmd/trgen/scan/scanner.go:464.10,466.21 1 0
github.com/denkhaus/templ-router/cmd/trgen/scan/scanner.go:471.74,475.30 1 0
github.com/denkhaus/templ-router/cmd/trgen/scan/scanner.go:475.30,477.3 1 0
github.com/denkhaus/templ-router/cmd/trgen/scan/scanner.go:480.2,480.33 1 0
github.com/denkhaus/templ-router/pkg/router/templates/layout_wrapper_templ.go:16.53,17.131 1 0
github.com/denkhaus/templ-router/pkg/router/templates/layout_wrapper_templ.go:17.131,19.71 2 0
github.com/denkhaus/templ-router/pkg/router/templates/layout_wrapper_templ.go:19.71,21.4 1 0
github.com/denkhaus/templ-router/pkg/router/templates/layout_wrapper_templ.go:22.3,23.31 2 0
github.com/denkhaus/templ-router/pkg/router/templates/layout_wrapper_templ.go:23.31,24.17 1 0
github.com/denkhaus/templ-router/pkg/router/templates/layout_wrapper_templ.go:24.17,26.34 2 0
github.com/denkhaus/templ-router/pkg/router/templates/layout_wrapper_templ.go:26.34,28.6 1 0
github.com/denkhaus/templ-router/pkg/router/templates/layout_wrapper_templ.go:31.3,33.33 3 0
github.com/denkhaus/templ-router/pkg/router/templates/layout_wrapper_templ.go:33.33,35.4 1 0
github.com/denkhaus/templ-router/pkg/router/templates/layout_wrapper_templ.go:36.3,38.32 3 0
github.com/denkhaus/templ-router/pkg/router/templates/layout_wrapper_templ.go:38.32,40.4 1 0
github.com/denkhaus/templ-router/pkg/router/templates/layout_wrapper_templ.go:41.3,43.32 3 0
github.com/denkhaus/templ-router/pkg/router/templates/layout_wrapper_templ.go:43.32,45.4 1 0
github.com/denkhaus/templ-router/pkg/router/templates/layout_wrapper_templ.go:46.3,47.32 2 0
github.com/denkhaus/templ-router/pkg/router/templates/layout_wrapper_templ.go:47.32,49.4 1 0
github.com/denkhaus/templ-router/pkg/router/templates/layout_wrapper_templ.go:50.3,51.32 2 0
github.com/denkhaus/templ-router/pkg/router/templates/layout_wrapper_templ.go:51.32,53.4 1 0
github.com/denkhaus/templ-router/pkg/router/templates/layout_wrapper_templ.go:54.3,55.32 2 0
github.com/denkhaus/templ-router/pkg/router/templates/layout_wrapper_templ.go:55.32,57.4 1 0
github.com/denkhaus/templ-router/pkg/router/templates/layout_wrapper_templ.go:58.3,59.32 2 0
github.com/denkhaus/templ-router/pkg/router/templates/layout_wrapper_templ.go:59.32,61.4 1 0
github.com/denkhaus/templ-router/pkg/router/templates/layout_wrapper_templ.go:62.3,62.13 1 0
github.com/denkhaus/templ-router/pkg/router/templates/parameter_validation_error_templ.go:16.82,17.131 1 0
github.com/denkhaus/templ-router/pkg/router/templates/parameter_validation_error_templ.go:17.131,19.71 2 0
github.com/denkhaus/templ-router/pkg/router/templates/parameter_validation_error_templ.go:19.71,21.4 1 0
github.com/denkhaus/templ-router/pkg/router/templates/parameter_validation_error_templ.go:22.3,23.31 2 0
github.com/denkhaus/templ-router/pkg/router/templates/parameter_validation_error_templ.go:23.31,24.17 1 0
github.com/denkhaus/templ-router/pkg/router/templates/parameter_validation_error_templ.go:24.17,26.34 2 0
github.com/denkhaus/templ-router/pkg/router/templates/parameter_validation_error_templ.go:26.34,28.6 1 0
github.com/denkhaus/templ-router/pkg/router/templates/parameter_validation_error_templ.go:31.3,33.33 3 0
github.com/denkhaus/templ-router/pkg/router/templates/parameter_validation_error_templ.go:33.33,35.4 1 0
github.com/denkhaus/templ-router/pkg/router/templates/parameter_validation_error_templ.go:36.3,38.32 3 0
github.com/denkhaus/templ-router/pkg/router/templates/parameter_validation_error_templ.go:38.32,40.4 1 0
github.com/denkhaus/templ-router/pkg/router/templates/parameter_validation_error_templ.go:41.3,43.32 3 0
github.com/denkhaus/templ-router/pkg/router/templates/parameter_validation_error_templ.go:43.32,45.4 1 0
github.com/denkhaus/templ-router/pkg/router/templates/parameter_validation_error_templ.go:46.3,47.32 2 0
github.com/denkhaus/templ-router/pkg/router/templates/parameter_validation_error_templ.go:47.32,49.4 1 0
github.com/denkhaus/templ-router/pkg/router/templates/parameter_validation_error_templ.go:50.3,51.32 2 0
github.com/denkhaus/templ-router/pkg/router/templates/parameter_validation_error_templ.go:51.32,53.4 1 0
github.com/denkhaus/templ-router/pkg/router/templates/parameter_validation_error_templ.go:54.3,56.32 3 0
github.com/denkhaus/templ-router/pkg/router/templates/parameter_validation_error_templ.go:56.32,58.4 1 0
github.com/denkhaus/templ-router/pkg/router/templates/parameter_validation_error_templ.go:59.3,60.32 2 0
github.com/denkhaus/templ-router/pkg/router/templates/parameter_validation_error_templ.go:60.32,62.4 1 0
github.com/denkhaus/templ-router/pkg/router/templates/parameter_validation_error_templ.go:63.3,64.32 2 0
github.com/denkhaus/templ-router/pkg/router/templates/parameter_validation_error_templ.go:64.32,66.4 1 0
github.com/denkhaus/templ-router/pkg/router/templates/parameter_validation_error_templ.go:67.3,67.13 1 0
github.com/denkhaus/templ-router/pkg/router/templates/placeholder_templ.go:16.56,17.131 1 0
github.com/denkhaus/templ-router/pkg/router/templates/placeholder_templ.go:17.131,19.71 2 0
github.com/denkhaus/templ-router/pkg/router/templates/placeholder_templ.go:19.71,21.4 1 0
github.com/denkhaus/templ-router/pkg/router/templates/placeholder_templ.go:22.3,23.31 2 0
github.com/denkhaus/templ-router/pkg/router/templates/placeholder_templ.go:23.31,24.17 1 0
github.com/denkhaus/templ-router/pkg/router/templates/placeholder_templ.go:24.17,26.34 2 0
github.com/denkhaus/templ-router/pkg/router/templates/placeholder_templ.go:26.34,28.6 1 0
github.com/denkhaus/templ-router/pkg/router/templates/placeholder_templ.go:31.3,33.33 3 0
github.com/denkhaus/templ-router/pkg/router/templates/placeholder_templ.go:33.33,35.4 1 0
github.com/denkhaus/templ-router/pkg/router/templates/placeholder_templ.go:36.3,38.32 3 0
github.com/denkhaus/templ-router/pkg/router/templates/placeholder_templ.go:38.32,40.4 1 0
github.com/denkhaus/templ-router/pkg/router/templates/placeholder_templ.go:41.3,43.32 3 0
github.com/denkhaus/templ-router/pkg/router/templates/placeholder_templ.go:43.32,45.4 1 0
github.com/denkhaus/templ-router/pkg/router/templates/placeholder_templ.go:46.3,47.32 2 0
github.com/denkhaus/templ-router/pkg/router/templates/placeholder_templ.go:47.32,49.4 1 0
github.com/denkhaus/templ-router/pkg/router/templates/placeholder_templ.go:50.3,51.32 2 0
github.com/denkhaus/templ-router/pkg/router/templates/placeholder_templ.go:51.32,53.4 1 0
github.com/denkhaus/templ-router/pkg/router/templates/placeholder_templ.go:54.3,56.32 3 0
github.com/denkhaus/templ-router/pkg/router/templates/placeholder_templ.go:56.32,58.4 1 0
github.com/denkhaus/templ-router/pkg/router/templates/placeholder_templ.go:59.3,60.32 2 0
github.com/denkhaus/templ-router/pkg/router/templates/placeholder_templ.go:60.32,62.4 1 0
github.com/denkhaus/templ-router/pkg/router/templates/placeholder_templ.go:63.3,64.32 2 0
github.com/denkhaus/templ-router/pkg/router/templates/placeholder_templ.go:64.32,66.4 1 0
github.com/denkhaus/templ-router/pkg/router/templates/placeholder_templ.go:67.3,69.32 3 0
github.com/denkhaus/templ-router/pkg/router/templates/placeholder_templ.go:69.32,71.4 1 0
github.com/denkhaus/templ-router/pkg/router/templates/placeholder_templ.go:72.3,73.32 2 0
github.com/denkhaus/templ-router/pkg/router/templates/placeholder_templ.go:73.32,75.4 1 0
github.com/denkhaus/templ-router/pkg/router/templates/placeholder_templ.go:76.3,77.32 2 0
github.com/denkhaus/templ-router/pkg/router/templates/placeholder_templ.go:77.32,79.4 1 0
github.com/denkhaus/templ-router/pkg/router/templates/placeholder_templ.go:80.3,80.13 1 0
github.com/denkhaus/templ-router/pkg/services/auth/default_auth_handlers.go:23.70,35.2 5 0
github.com/denkhaus/templ-router/pkg/services/auth/default_auth_handlers.go:38.109,43.2 4 0
github.com/denkhaus/templ-router/pkg/services/auth/default_auth_handlers.go:47.81,48.33 1 0
github.com/denkhaus/templ-router/pkg/services/auth/default_auth_handlers.go:48.33,51.3 2 0
github.com/denkhaus/templ-router/pkg/services/auth/default_auth_handlers.go:54.2,55.16 2 0
github.com/denkhaus/templ-router/pkg/services/auth/default_auth_handlers.go:55.16,61.3 3 0
github.com/denkhaus/templ-router/pkg/services/auth/default_auth_handlers.go:64.2,65.16 2 0
github.com/denkhaus/templ-router/pkg/services/auth/default_auth_handlers.go:65.16,69.3 3 0
github.com/denkhaus/templ-router/pkg/services/auth/default_auth_handlers.go:72.2,86.24 4 0
github.com/denkhaus/templ-router/pkg/services/auth/default_auth_handlers.go:86.24,90.25 2 0
github.com/denkhaus/templ-router/pkg/services/auth/default_auth_handlers.go:90.25,95.4 3 0
github.com/denkhaus/templ-router/pkg/services/auth/default_auth_handlers.go:97.3,98.9 2 0
github.com/denkhaus/templ-router/pkg/services/auth/default_auth_handlers.go:102.2,106.4 1 0
github.com/denkhaus/templ-router/pkg/services/auth/default_auth_handlers.go:111.81,112.33 1 0
github.com/denkhaus/templ-router/pkg/services/auth/default_auth_handlers.go:112.33,115.3 2 0
github.com/denkhaus/templ-router/pkg/services/auth/default_auth_handlers.go:118.2,119.16 2 0
github.com/denkhaus/templ-router/pkg/services/auth/default_auth_handlers.go:119.16,125.3 3 0
github.com/denkhaus/templ-router/pkg/services/auth/default_auth_handlers.go:127.2,133.24 3 0
github.com/denkhaus/templ-router/pkg/services/auth/default_auth_handlers.go:133.24,137.25 2 0
github.com/denkhaus/templ-router/pkg/services/auth/default_auth_handlers.go:137.25,142.4 3 0
github.com/denkhaus/templ-router/pkg/services/auth/default_auth_handlers.go:144.3,145.9 2 0
github.com/denkhaus/templ-router/pkg/services/auth/default_auth_handlers.go:149.2,153.4 1 0
github.com/denkhaus/templ-router/pkg/services/auth/default_auth_handlers.go:157.82,158.33 1 0
github.com/denkhaus/templ-router/pkg/services/auth/default_auth_handlers.go:158.33,161.3 2 0
github.com/denkhaus/templ-router/pkg/services/auth/default_auth_handlers.go:163.2,167.16 3 0
github.com/denkhaus/templ-router/pkg/services/auth/default_auth_handlers.go:167.16,170.3 1 0
github.com/denkhaus/templ-router/pkg/services/auth/default_auth_handlers.go:173.2,185.24 4 0
github.com/denkhaus/templ-router/pkg/services/auth/default_auth_handlers.go:185.24,189.3 3 0
github.com/denkhaus/templ-router/pkg/services/auth/default_auth_handlers.go:192.2,195.4 1 0
github.com/denkhaus/templ-router/pkg/services/auth/default_auth_handlers.go:199.117,201.24 1 0
github.com/denkhaus/templ-router/pkg/services/auth/default_auth_handlers.go:201.24,207.3 4 0
github.com/denkhaus/templ-router/pkg/services/auth/default_auth_handlers.go:210.2,214.4 3 0
github.com/denkhaus/templ-router/pkg/services/auth/default_auth_handlers.go:218.64,220.2 1 0
github.com/denkhaus/templ-router/pkg/services/auth/default_auth_handlers.go:223.99,227.2 3 0
github.com/denkhaus/templ-router/pkg/services/auth/default_auth_service.go:21.75,31.2 4 0
github.com/denkhaus/templ-router/pkg/services/auth/default_auth_service.go:34.127,36.27 1 0
github.com/denkhaus/templ-router/pkg/services/auth/default_auth_service.go:37.16,40.9 1 0
github.com/denkhaus/templ-router/pkg/services/auth/default_auth_service.go:42.39,43.47 1 0
github.com/denkhaus/templ-router/pkg/services/auth/default_auth_service.go:45.10,49.9 1 0
github.com/denkhaus/templ-router/pkg/services/auth/default_auth_service.go:54.131,57.34 2 0
github.com/denkhaus/templ-router/pkg/services/auth/default_auth_service.go:57.34,62.3 1 0
github.com/denkhaus/templ-router/pkg/services/auth/default_auth_service.go:65.2,66.16 2 0
github.com/denkhaus/templ-router/pkg/services/auth/default_auth_service.go:66.16,72.3 1 0
github.com/denkhaus/templ-router/pkg/services/auth/default_auth_service.go:75.2,75.51 1 0
github.com/denkhaus/templ-router/pkg/services/auth/default_auth_service.go:75.51,82.3 1 0
github.com/denkhaus/templ-router/pkg/services/auth/default_auth_service.go:84.2,87.8 1 0
github.com/denkhaus/templ-router/pkg/services/auth/default_auth_service.go:91.106,93.43 2 0
github.com/denkhaus/templ-router/pkg/services/auth/default_auth_service.go:93.43,95.3 1 0
github.com/denkhaus/templ-router/pkg/services/auth/default_auth_service.go:97.2,97.56 1 0
github.com/denkhaus/templ-router/pkg/services/auth/default_auth_service.go:101.104,102.29 1 0
github.com/denkhaus/templ-router/pkg/services/auth/default_auth_service.go:102.29,104.3 1 0
github.com/denkhaus/templ-router/pkg/services/auth/default_auth_service.go:106.2,107.41 2 0
github.com/denkhaus/templ-router/pkg/services/auth/default_auth_service.go:107.41,108.38 1 0
github.com/denkhaus/templ-router/pkg/services/auth/default_auth_service.go:108.38,109.28 1 0
github.com/denkhaus/templ-router/pkg/services/auth/default_auth_service.go:109.28,111.5 1 0
github.com/denkhaus/templ-router/pkg/services/auth/default_auth_service.go:114.2,114.14 1 0
github.com/denkhaus/templ-router/pkg/services/auth/default_auth_service.go:118.99,120.16 2 0
github.com/denkhaus/templ-router/pkg/services/auth/default_auth_service.go:120.16,122.3 1 0
github.com/denkhaus/templ-router/pkg/services/auth/default_auth_service.go:125.2,126.16 2 0
github.com/denkhaus/templ-router/pkg/services/auth/default_auth_service.go:126.16,128.3 1 0
github.com/denkhaus/templ-router/pkg/services/auth/default_auth_service.go:130.2,134.30 2 0
github.com/denkhaus/templ-router/pkg/services/auth/default_auth_service.go:138.61,140.16 2 0
github.com/denkhaus/templ-router/pkg/services/auth/default_auth_service.go:140.16,143.3 2 0
github.com/denkhaus/templ-router/pkg/services/auth/default_auth_service.go:145.2,146.12 2 0
github.com/denkhaus/templ-router/pkg/services/auth/default_session_store.go:28.78,45.2 5 0
github.com/denkhaus/templ-router/pkg/services/auth/default_session_store.go:48.96,51.16 2 0
github.com/denkhaus/templ-router/pkg/services/auth/default_session_store.go:51.16,53.3 1 0
github.com/denkhaus/templ-router/pkg/services/auth/default_session_store.go:55.2,59.13 4 0
github.com/denkhaus/templ-router/pkg/services/auth/default_session_store.go:59.13,61.3 1 0
github.com/denkhaus/templ-router/pkg/services/auth/default_session_store.go:64.2,64.41 1 0
github.com/denkhaus/templ-router/pkg/services/auth/default_session_store.go:64.41,67.3 2 0
github.com/denkhaus/templ-router/pkg/services/auth/default_session_store.go:69.2,69.21 1 0
github.com/denkhaus/templ-router/pkg/services/auth/default_session_store.go:73.95,75.16 2 0
github.com/denkhaus/templ-router/pkg/services/auth/default_session_store.go:75.16,77.3 1 0
github.com/denkhaus/templ-router/pkg/services/auth/default_session_store.go:79.2,96.21 7 0
github.com/denkhaus/templ-router/pkg/services/auth/default_session_store.go:100.75,107.2 5 0
github.com/denkhaus/templ-router/pkg/services/auth/default_session_store.go:110.73,112.44 2 0
github.com/denkhaus/templ-router/pkg/services/auth/default_session_store.go:112.44,114.3 1 0
github.com/denkhaus/templ-router/pkg/services/auth/default_session_store.go:115.2,115.39 1 0
github.com/denkhaus/templ-router/pkg/services/auth/default_session_store.go:119.62,123.21 3 0
github.com/denkhaus/templ-router/pkg/services/auth/default_session_store.go:123.21,128.46 4 0
github.com/denkhaus/templ-router/pkg/services/auth/default_session_store.go:128.46,129.36 1 0
github.com/denkhaus/templ-router/pkg/services/auth/default_session_store.go:129.36,131.5 1 0
github.com/denkhaus/templ-router/pkg/services/auth/default_session_store.go:134.3,134.45 1 0
github.com/denkhaus/templ-router/pkg/services/auth/default_session_store.go:134.45,136.4 1 0
github.com/denkhaus/templ-router/pkg/services/auth/default_session_store.go:137.3,139.31 2 0
github.com/denkhaus/templ-router/pkg/services/auth/default_session_store.go:139.31,142.4 1 0
github.com/denkhaus/templ-router/magefiles/build.go:14.38,17.2 2 0
github.com/denkhaus/templ-router/magefiles/build.go:20.38,23.2 2 0
github.com/denkhaus/templ-router/magefiles/build.go:26.35,29.2 2 0
github.com/denkhaus/templ-router/magefiles/build.go:32.38,37.2 3 0
github.com/denkhaus/templ-router/magefiles/build.go:39.41,49.49 3 0
github.com/denkhaus/templ-router/magefiles/build.go:49.49,51.3 1 0
github.com/denkhaus/templ-router/magefiles/build.go:54.2,55.54 2 0
github.com/denkhaus/templ-router/magefiles/build.go:58.33,63.2 3 0
github.com/denkhaus/templ-router/magefiles/build.go:65.36,73.2 2 0
github.com/denkhaus/templ-router/magefiles/build.go:76.26,90.37 3 0
github.com/denkhaus/templ-router/magefiles/build.go:90.37,99.31 4 0
github.com/denkhaus/templ-router/magefiles/build.go:99.31,101.4 1 0
github.com/denkhaus/templ-router/magefiles/build.go:103.3,103.86 1 0
github.com/denkhaus/templ-router/magefiles/build.go:103.86,105.4 1 0
github.com/denkhaus/templ-router/magefiles/build.go:108.2,109.12 2 0
github.com/denkhaus/templ-router/magefiles/changelog.go:17.35,22.16 3 0
github.com/denkhaus/templ-router/magefiles/changelog.go:22.16,25.3 2 0
github.com/denkhaus/templ-router/magefiles/changelog.go:28.2,29.21 2 0
github.com/denkhaus/templ-router/magefiles/changelog.go:29.21,31.3 1 0
github.com/denkhaus/templ-router/magefiles/changelog.go:31.8,33.3 1 0
github.com/denkhaus/templ-router/magefiles/changelog.go:35.2,35.16 1 0
github.com/denkhaus/templ-router/magefiles/changelog.go:35.16,37.3 1 0
github.com/denkhaus/templ-router/magefiles/changelog.go:39.2,39.19 1 0
github.com/denkhaus/templ-router/magefiles/changelog.go:39.19,42.3 2 0
github.com/denkhaus/templ-router/magefiles/changelog.go:45.2,49.12 4 0
github.com/denkhaus/templ-router/magefiles/changelog.go:53.33,58.16 3 0
github.com/denkhaus/templ-router/magefiles/changelog.go:58.16,60.3 1 0
github.com/denkhaus/templ-router/magefiles/changelog.go:62.2,62.19 1 0
github.com/denkhaus/templ-router/magefiles/changelog.go:62.19,65.3 2 0
github.com/denkhaus/templ-router/magefiles/changelog.go:68.2,69.16 2 0
github.com/denkhaus/templ-router/magefiles/changelog.go:69.16,71.3 1 0
github.com/denkhaus/templ-router/magefiles/changelog.go:74.2,78.29 4 0
github.com/denkhaus/templ-router/magefiles/changelog.go:78.29,82.48 2 0
github.com/denkhaus/templ-router/magefiles/changelog.go:82.48,84.12 2 0
github.com/denkhaus/templ-router/magefiles/changelog.go:88.3,88.61 1 0
github.com/denkhaus/templ-router/magefiles/changelog.go:88.61,91.39 2 0
github.com/denkhaus/templ-router/magefiles/changelog.go:91.39,92.40 1 0
github.com/denkhaus/templ-router/magefiles/changelog.go:92.40,94.6 1 0
github.com/denkhaus/templ-router/magefiles/changelog.go:96.4,96.12 1 0
github.com/denkhaus/templ-router/magefiles/changelog.go:101.2,102.79 2 0
github.com/denkhaus/templ-router/magefiles/changelog.go:102.79,104.3 1 0
github.com/denkhaus/templ-router/magefiles/changelog.go:106.2,107.12 2 0
github.com/denkhaus/templ-router/magefiles/changelog.go:111.35,115.16 3 0
github.com/denkhaus/templ-router/magefiles/changelog.go:115.16,117.3 1 0
github.com/denkhaus/templ-router/magefiles/changelog.go:120.2,129.43 3 0
github.com/denkhaus/templ-router/magefiles/changelog.go:129.43,130.45 1 0
github.com/denkhaus/templ-router/magefiles/changelog.go:130.45,132.4 1 0
github.com/denkhaus/templ-router/magefiles/changelog.go:135.2,136.12 2 0
github.com/denkhaus/templ-router/magefiles/changelog.go:140.36,143.19 2 0
github.com/denkhaus/templ-router/magefiles/changelog.go:143.19,145.3 1 0
github.com/denkhaus/templ-router/magefiles/changelog.go:147.2,151.16 3 0
github.com/denkhaus/templ-router/magefiles/changelog.go:151.16,153.3 1 0
github.com/denkhaus/templ-router/magefiles/changelog.go:156.2,189.29 8 0
github.com/denkhaus/templ-router/magefiles/changelog.go:189.29,193.86 2 0
github.com/denkhaus/templ-router/magefiles/changelog.go:193.86,196.4 2 0
github.com/denkhaus/templ-router/magefiles/changelog.go:200.2,201.81 2 0
github.com/denkhaus/templ-router/magefiles/changelog.go:201.81,203.3 1 0
github.com/denkhaus/templ-router/magefiles/changelog.go:205.2,206.12 2 0
github.com/denkhaus/templ-router/magefiles/docker.go:14.28,17.2 2 0
github.com/denkhaus/templ-router/magefiles/docker.go:20.30,23.2 2 0
github.com/denkhaus/templ-router/magefiles/docker.go:25.31,28.2 2 0
github.com/denkhaus/templ-router/magefiles/docker.go:31.30,34.2 2 0
github.com/denkhaus/templ-router/magefiles/docker.go:37.31,40.2 2 0
github.com/denkhaus/templ-router/magefiles/docker.go:43.33,46.2 2 0
github.com/denkhaus/templ-router/magefiles/docker.go:48.36,52.2 3 0
github.com/denkhaus/templ-router/magefiles/generator.go:19.36,24.16 3 0
github.com/denkhaus/templ-router/magefiles/generator.go:24.16,26.3 1 0
github.com/denkhaus/templ-router/magefiles/generator.go:28.2,29.16 2 0
github.com/denkhaus/templ-router/magefiles/generator.go:29.16,32.3 2 0
github.com/denkhaus/templ-router/magefiles/generator.go:34.2,49.16 5 0
github.com/denkhaus/templ-router/magefiles/generator.go:49.16,51.3 1 0
github.com/denkhaus/templ-router/magefiles/generator.go:54.2,58.18 3 0
github.com/denkhaus/templ-router/magefiles/generator.go:58.18,60.3 1 0
github.com/denkhaus/templ-router/magefiles/generator.go:62.2,63.31 2 0
github.com/denkhaus/templ-router/magefiles/generator.go:63.31,65.3 1 0
github.com/denkhaus/templ-router/magefiles/generator.go:67.2,70.55 2 0
github.com/denkhaus/templ-router/magefiles/generator.go:70.55,72.3 1 0
github.com/denkhaus/templ-router/magefiles/generator.go:75.2,76.16 2 0
github.com/denkhaus/templ-router/magefiles/generator.go:76.16,78.3 1 0
github.com/denkhaus/templ-router/magefiles/generator.go:80.2,83.12 3 0
github.com/denkhaus/templ-router/magefiles/generator.go:87.34,92.16 3 0
github.com/denkhaus/templ-router/magefiles/generator.go:92.16,94.3 1 0
github.com/denkhaus/templ-router/magefiles/generator.go:96.2,97.16 2 0
github.com/denkhaus/templ-router/magefiles/generator.go:97.16,100.3 2 0
github.com/denkhaus/templ-router/magefiles/generator.go:102.2,113.49 4 0
github.com/denkhaus/templ-router/magefiles/generator.go:113.49,115.3 1 0
github.com/denkhaus/templ-router/magefiles/generator.go:118.2,119.31 2 0
github.com/denkhaus/templ-router/magefiles/generator.go:119.31,121.3 1 0
github.com/denkhaus/templ-router/magefiles/generator.go:123.2,129.16 3 0
github.com/denkhaus/templ-router/magefiles/generator.go:129.16,131.3 1 0
github.com/denkhaus/templ-router/magefiles/generator.go:134.2,135.16 2 0
github.com/denkhaus/templ-router/magefiles/generator.go:135.16,137.3 1 0
github.com/denkhaus/templ-router/magefiles/generator.go:139.2,142.12 3 0
github.com/denkhaus/templ-router/magefiles/generator.go:146.36,151.16 3 0
github.com/denkhaus/templ-router/magefiles/generator.go:151.16,153.3 1 0
github.com/denkhaus/templ-router/magefiles/generator.go:155.2,156.16 2 0
github.com/denkhaus/templ-router/magefiles/generator.go:156.16,159.3 2 0
github.com/denkhaus/templ-router/magefiles/generator.go:161.2,173.54 5 0
github.com/denkhaus/templ-router/magefiles/generator.go:173.54,175.3 1 0
github.com/denkhaus/templ-router/magefiles/generator.go:178.2,192.37 2 0
github.com/denkhaus/templ-router/magefiles/generator.go:192.37,205.17 6 0
github.com/denkhaus/templ-router/magefiles/generator.go:205.17,207.4 1 0
github.com/denkhaus/templ-router/magefiles/generator.go:209.3,209.43 1 0
github.com/denkhaus/templ-router/magefiles/generator.go:212.2,214.12 2 0
github.com/denkhaus/templ-router/magefiles/generator.go:218.33,222.2 2 0
github.com/denkhaus/templ-router/magefiles/generator.go:225.41,229.54 2 0
github.com/denkhaus/templ-router/magefiles/generator.go:229.54,231.3 1 0
github.com/denkhaus/templ-router/magefiles/generator.go:234.2,235.16 2 0
github.com/denkhaus/templ-router/magefiles/generator.go:235.16,237.3 1 0
github.com/denkhaus/templ-router/magefiles/generator.go:240.2,241.16 2 0
github.com/denkhaus/templ-router/magefiles/generator.go:241.16,243.3 1 0
github.com/denkhaus/templ-router/magefiles/generator.go:246.2,247.16 2 0
github.com/denkhaus/templ-router/magefiles/generator.go:247.16,249.3 1 0
github.com/denkhaus/templ-router/magefiles/generator.go:251.2,253.12 2 0
github.com/denkhaus/templ-router/magefiles/generator.go:257.34,262.27 3 0
github.com/denkhaus/templ-router/magefiles/generator.go:262.27,263.43 1 0
github.com/denkhaus/templ-router/magefiles/generator.go:263.43,265.4 1 0
github.com/denkhaus/templ-router/magefiles/generator.go:265.9,267.4 1 0
github.com/denkhaus/templ-router/magefiles/generator.go:270.2,272.12 2 0
github.com/denkhaus/templ-router/magefiles/generator.go:276.36,278.16 2 0
github.com/denkhaus/templ-router/magefiles/generator.go:278.16,280.3 1 0
github.com/denkhaus/templ-router/magefiles/generator.go:282.2,283.16 2 0
github.com/denkhaus/templ-router/magefiles/generator.go:283.16,285.3 1 0
github.com/denkhaus/templ-router/magefiles/generator.go:287.2,292.12 5 0
github.com/denkhaus/templ-router/magefiles/generator.go:297.35,300.50 2 0
github.com/denkhaus/templ-router/magefiles/generator.go:300.50,302.3 1 0
github.com/denkhaus/templ-router/magefiles/generator.go:305.2,306.16 2 0
github.com/denkhaus/templ-router/magefiles/generator.go:306.16,308.38 2 0
github.com/denkhaus/templ-router/magefiles/generator.go:308.38,310.4 1 0
github.com/denkhaus/templ-router/magefiles/generator.go:311.3,311.22 1 0
github.com/denkhaus/templ-router/magefiles/generator.go:315.2,316.16 2 0
github.com/denkhaus/templ-router/magefiles/generator.go:316.16,318.3 1 0
github.com/denkhaus/templ-router/magefiles/generator.go:321.2,321.19 1 0
github.com/denkhaus/templ-router/magefiles/generator.go:324.37,326.16 2 0
github.com/denkhaus/templ-router/magefiles/generator.go:326.16,328.3 1 0
github.com/denkhaus/templ-router/magefiles/generator.go:329.2,329.39 1 0
github.com/denkhaus/templ-router/magefiles/generator.go:333.42,337.36 2 0
github.com/denkhaus/templ-router/magefiles/generator.go:337.36,339.3 1 0
github.com/denkhaus/templ-router/magefiles/generator.go:342.2,343.18 2 0
github.com/denkhaus/templ-router/magefiles/generator.go:343.18,345.3 1 0
github.com/denkhaus/templ-router/magefiles/generator.go:347.2,350.39 3 0
github.com/denkhaus/templ-router/magefiles/generator.go:350.39,355.3 4 0
github.com/denkhaus/templ-router/magefiles/generator.go:355.8,358.3 2 0
github.com/denkhaus/templ-router/magefiles/generator.go:360.2,360.12 1 0
github.com/denkhaus/templ-router/magefiles/generator.go:364.30,369.16 3 0
github.com/denkhaus/templ-router/magefiles/generator.go:369.16,371.3 1 0
github.com/denkhaus/templ-router/magefiles/generator.go:373.2,374.16 2 0
github.com/denkhaus/templ-router/magefiles/generator.go:374.16,376.3 1 0
github.com/denkhaus/templ-router/magefiles/generator.go:378.2,392.16 5 0
github.com/denkhaus/templ-router/magefiles/generator.go:392.16,394.3 1 0
github.com/denkhaus/templ-router/magefiles/generator.go:396.2,398.12 2 0
github.com/denkhaus/templ-router/magefiles/main.go:19.18,29.12 6 0
github.com/denkhaus/templ-router/magefiles/main.go:29.12,32.51 3 0
github.com/denkhaus/templ-router/magefiles/main.go:32.51,34.4 1 0
github.com/denkhaus/templ-router/magefiles/main.go:38.2,39.12 2 0
github.com/denkhaus/templ-router/magefiles/main.go:39.12,42.48 3 0
github.com/denkhaus/templ-router/magefiles/main.go:42.48,44.4 1 0
github.com/denkhaus/templ-router/magefiles/main.go:48.2,49.12 2 0
github.com/denkhaus/templ-router/magefiles/main.go:49.12,52.51 3 0
github.com/denkhaus/templ-router/magefiles/main.go:52.51,54.4 1 0
github.com/denkhaus/templ-router/magefiles/main.go:58.2,59.12 2 0
github.com/denkhaus/templ-router/magefiles/main.go:59.12,69.48 3 0
github.com/denkhaus/templ-router/magefiles/main.go:69.48,71.4 1 0
github.com/denkhaus/templ-router/magefiles/main.go:75.2,75.12 1 0
github.com/denkhaus/templ-router/magefiles/main.go:75.12,78.3 2 0
github.com/denkhaus/templ-router/magefiles/main.go:81.2,81.27 1 0
github.com/denkhaus/templ-router/magefiles/main.go:81.27,82.17 1 0
github.com/denkhaus/templ-router/magefiles/main.go:82.17,84.4 1 0
github.com/denkhaus/templ-router/magefiles/main.go:87.2,87.12 1 0
github.com/denkhaus/templ-router/magefiles/main.go:91.20,103.27 3 0
github.com/denkhaus/templ-router/magefiles/main.go:103.27,104.36 1 0
github.com/denkhaus/templ-router/magefiles/main.go:104.36,106.4 1 0
github.com/denkhaus/templ-router/magefiles/main.go:110.3,110.61 1 0
github.com/denkhaus/templ-router/magefiles/main.go:110.61,112.3 1 0
github.com/denkhaus/templ-router/magefiles/main.go:114.2,114.12 1 0
github.com/denkhaus/templ-router/magefiles/templ.go:7.32,9.2 1 0
github.com/denkhaus/templ-router/magefiles/test.go:16.27,24.2 3 0
github.com/denkhaus/templ-router/magefiles/test.go:27.32,35.2 3 0
github.com/denkhaus/templ-router/magefiles/test.go:38.32,46.2 3 0
github.com/denkhaus/templ-router/magefiles/test.go:49.34,57.2 3 0
github.com/denkhaus/templ-router/magefiles/test.go:60.31,68.2 3 0
github.com/denkhaus/templ-router/magefiles/test.go:71.31,79.2 3 0
github.com/denkhaus/templ-router/magefiles/test.go:82.31,90.2 3 0
github.com/denkhaus/templ-router/magefiles/test.go:93.31,101.2 3 0
github.com/denkhaus/templ-router/magefiles/test.go:104.42,112.2 3 0
github.com/denkhaus/templ-router/magefiles/test.go:115.41,123.2 3 0
github.com/denkhaus/templ-router/magefiles/test.go:126.34,134.2 3 0
github.com/denkhaus/templ-router/magefiles/test.go:137.35,145.2 3 0
github.com/denkhaus/templ-router/magefiles/test.go:148.32,152.91 2 0
github.com/denkhaus/templ-router/magefiles/test.go:152.91,154.3 1 0
github.com/denkhaus/templ-router/magefiles/test.go:157.2,157.80 1 0
github.com/denkhaus/templ-router/magefiles/test.go:157.80,159.3 1 0
github.com/denkhaus/templ-router/magefiles/test.go:161.2,162.12 2 0
github.com/denkhaus/templ-router/magefiles/test.go:166.36,171.16 4 0
github.com/denkhaus/templ-router/magefiles/test.go:171.16,173.3 1 0
github.com/denkhaus/templ-router/magefiles/test.go:174.2,174.15 1 0
github.com/denkhaus/templ-router/magefiles/test.go:174.15,175.59 1 0
github.com/denkhaus/templ-router/magefiles/test.go:175.59,177.4 1 0
github.com/denkhaus/templ-router/magefiles/test.go:180.2,180.28 1 0
github.com/denkhaus/templ-router/magefiles/test.go:180.28,182.3 1 0
github.com/denkhaus/templ-router/magefiles/test.go:184.2,185.12 2 0
github.com/denkhaus/templ-router/magefiles/test.go:189.27,193.45 2 0
github.com/denkhaus/templ-router/magefiles/test.go:193.45,195.3 1 0
github.com/denkhaus/templ-router/magefiles/test.go:198.2,198.32 1 0
github.com/denkhaus/templ-router/magefiles/test.go:198.32,200.3 1 0
github.com/denkhaus/templ-router/magefiles/test.go:202.2,203.12 2 0
github.com/denkhaus/templ-router/magefiles/test.go:207.26,211.53 2 0
github.com/denkhaus/templ-router/magefiles/test.go:211.53,213.3 1 0
github.com/denkhaus/templ-router/magefiles/test.go:216.2,216.32 1 0
github.com/denkhaus/templ-router/magefiles/test.go:216.32,218.3 1 0
github.com/denkhaus/templ-router/magefiles/test.go:220.2,221.12 2 0
github.com/denkhaus/templ-router/magefiles/test.go:225.32,229.37 2 0
github.com/denkhaus/templ-router/magefiles/test.go:229.37,231.3 1 0
github.com/denkhaus/templ-router/magefiles/test.go:234.2,234.40 1 0
github.com/denkhaus/templ-router/magefiles/test.go:234.40,236.3 1 0
github.com/denkhaus/templ-router/magefiles/test.go:239.2,243.41 3 0
github.com/denkhaus/templ-router/magefiles/test.go:243.41,245.3 1 0
github.com/denkhaus/templ-router/magefiles/test.go:248.2,248.37 1 0
github.com/denkhaus/templ-router/magefiles/test.go:248.37,250.3 1 0
github.com/denkhaus/templ-router/magefiles/test.go:252.2,263.12 11 0
github.com/denkhaus/templ-router/pkg/router/pipeline/handler_pipeline.go:30.66,44.2 6 0
github.com/denkhaus/templ-router/pkg/router/pipeline/handler_pipeline.go:47.77,56.38 3 0
github.com/denkhaus/templ-router/pkg/router/pipeline/handler_pipeline.go:56.38,60.3 1 0
github.com/denkhaus/templ-router/pkg/router/pipeline/handler_pipeline.go:63.2,72.16 5 0
github.com/denkhaus/templ-router/pkg/router/pipeline/handler_pipeline.go:76.90,78.63 1 0
github.com/denkhaus/templ-router/pkg/router/pipeline/handler_pipeline.go:78.63,83.3 2 0
github.com/denkhaus/templ-router/pkg/router/pipeline/handler_pipeline.go:86.2,86.30 1 0
github.com/denkhaus/templ-router/pkg/router/pipeline/handler_pipeline.go:86.30,91.3 2 0
github.com/denkhaus/templ-router/pkg/router/pipeline/handler_pipeline.go:94.2,96.43 2 0
github.com/denkhaus/templ-router/pkg/router/pipeline/handler_pipeline.go:100.85,103.2 2 0
github.com/denkhaus/templ-router/pkg/router/metadata/metadata_helpers.go:11.48,14.24 2 0
github.com/denkhaus/templ-router/pkg/router/metadata/metadata_helpers.go:14.24,16.3 1 0
github.com/denkhaus/templ-router/pkg/router/metadata/metadata_helpers.go:19.2,19.62 1 0
github.com/denkhaus/templ-router/pkg/router/metadata/metadata_helpers.go:19.62,21.46 2 0
github.com/denkhaus/templ-router/pkg/router/metadata/metadata_helpers.go:21.46,23.4 1 0
github.com/denkhaus/templ-router/pkg/router/metadata/metadata_helpers.go:27.3,27.83 1 0
github.com/denkhaus/templ-router/pkg/router/metadata/metadata_helpers.go:27.83,29.4 1 0
github.com/denkhaus/templ-router/pkg/router/metadata/metadata_helpers.go:32.2,32.49 1 0
github.com/denkhaus/templ-router/pkg/router/metadata/metadata_helpers.go:36.78,37.26 1 0
github.com/denkhaus/templ-router/pkg/router/metadata/metadata_helpers.go:37.26,39.3 1 0
github.com/denkhaus/templ-router/pkg/router/metadata/metadata_helpers.go:42.2,42.69 1 0
github.com/denkhaus/templ-router/pkg/router/metadata/metadata_helpers.go:42.69,43.45 1 0
github.com/denkhaus/templ-router/pkg/router/metadata/metadata_helpers.go:43.45,44.42 1 0
github.com/denkhaus/templ-router/pkg/router/metadata/metadata_helpers.go:44.42,46.5 1 0
github.com/denkhaus/templ-router/pkg/router/metadata/metadata_helpers.go:51.2,51.64 1 0
github.com/denkhaus/templ-router/pkg/router/metadata/metadata_helpers.go:51.64,52.45 1 0
github.com/denkhaus/templ-router/pkg/router/metadata/metadata_helpers.go:52.45,53.42 1 0
github.com/denkhaus/templ-router/pkg/router/metadata/metadata_helpers.go:53.42,55.5 1 0
github.com/denkhaus/templ-router/pkg/router/metadata/metadata_helpers.go:59.2,59.42 1 0
github.com/denkhaus/templ-router/pkg/router/metadata/metadata_helpers.go:64.71,67.9 2 0
github.com/denkhaus/templ-router/pkg/router/metadata/metadata_helpers.go:67.9,69.3 1 0
github.com/denkhaus/templ-router/pkg/router/metadata/metadata_helpers.go:73.2,74.25 2 0
github.com/denkhaus/templ-router/pkg/router/metadata/metadata_helpers.go:74.25,76.3 1 0
github.com/denkhaus/templ-router/pkg/router/metadata/metadata_helpers.go:79.2,80.20 2 0
github.com/denkhaus/templ-router/pkg/router/metadata/metadata_helpers.go:80.20,82.3 1 0
github.com/denkhaus/templ-router/pkg/router/metadata/metadata_helpers.go:85.2,86.16 2 0
github.com/denkhaus/templ-router/pkg/router/metadata/metadata_helpers.go:86.16,88.3 1 0
github.com/denkhaus/templ-router/pkg/router/metadata/metadata_helpers.go:91.2,91.66 1 0
github.com/denkhaus/templ-router/pkg/router/metadata/metadata_helpers.go:95.63,97.53 1 0
github.com/denkhaus/templ-router/pkg/router/metadata/metadata_helpers.go:97.53,99.3 1 0
github.com/denkhaus/templ-router/pkg/router/metadata/metadata_helpers.go:102.2,103.21 2 0
github.com/denkhaus/templ-router/pkg/router/metadata/metadata_helpers.go:103.21,105.3 1 0
github.com/denkhaus/templ-router/pkg/router/metadata/metadata_helpers.go:107.2,108.43 2 0
github.com/denkhaus/templ-router/pkg/router/metadata/metadata_helpers.go:108.43,110.3 1 0
github.com/denkhaus/templ-router/pkg/router/metadata/metadata_helpers.go:112.2,112.17 1 0
github.com/denkhaus/templ-router/pkg/router/metadata/metadata_helpers.go:116.57,118.47 1 0
github.com/denkhaus/templ-router/pkg/router/metadata/metadata_helpers.go:118.47,120.3 1 0
github.com/denkhaus/templ-router/pkg/router/metadata/metadata_helpers.go:121.2,121.37 1 0
